tx_id,date,amount,currency,category,merchant,description
TX000905,2025-04-28,1760.78,RUB,entertainment,Кинопоиск,Покупка в Кинопоиск
TX000640,2025-04-29,3017.77,RUB,food,ВкусВилл,Покупка в ВкусВилл
TX000827,2025-04-29,911.95,RUB,food,Перекрёсток,Покупка в Перекрёсток
TX000454,2025-04-30,5442.37,RUB,health,Здоровье плюс,Покупка в Здоровье плюс
TX000466,2025-04-30,977.44,RUB,food,ВкусВилл,Покупка в ВкусВилл
TX000694,2025-04-30,229.58,RUB,transport,Метро,Покупка в Метро
TX000185,2025-05-01,1650.88,RUB,food,ВкусВилл,Покупка в ВкусВилл
TX000373,2025-05-01,444.83,RUB,entertainment,Театр.ру,Покупка в Театр.ру
TX000503,2025-05-01,1643.79,RUB,transport,АЗС Лукойл,Покупка в АЗС Лукойл
TX000595,2025-05-01,1412.72,RUB,entertainment,Театр.ру,Покупка в Театр.ру
TX000621,2025-05-01,1310.88,RUB,food,Азбука Вкуса,Покупка в Азбука Вкуса
TX000230,2025-05-02,1379.89,RUB,entertainment,Ресторан,Покупка в Ресторан
TX000079,2025-05-03,4201.98,RUB,food,Магнит,Покупка в Магнит
TX000520,2025-05-03,4741.46,RUB,utilities,Мобильный оператор,Покупка в Мобильный оператор
TX000701,2025-05-03,1187.77,RUB,food,ВкусВилл,Покупка в ВкусВилл
TX000731,2025-05-03,10047.78,RUB,shopping,Ozon,Покупка в Ozon
TX000754,2025-05-03,19836.81,RUB,shopping,Спортмастер,Покупка в Спортмастер
TX000886,2025-05-03,2690.36,RUB,transport,АЗС Лукойл,Покупка в АЗС Лукойл
TX000933,2025-05-03,4606.55,RUB,food,Пятёрочка,Покупка в Пятёрочка
TX000316,2025-05-04,666.96,RUB,entertainment,Wink,Покупка в Wink
TX000557,2025-05-04,11521.93,RUB,shopping,DNS,Покупка в DNS
TX000870,2025-05-04,3698.39,RUB,food,ВкусВилл,Покупка в ВкусВилл
TX000265,2025-05-05,9228.24,RUB,shopping,DNS,Покупка в DNS
TX000286,2025-05-05,24803.73,RUB,shopping,М.Видео,Покупка в М.Видео
TX000753,2025-05-05,3202.9,RUB,food,Магнит,Покупка в Магнит
TX000993,2025-05-05,18872.53,RUB,shopping,Lamoda,Покупка в Lamoda
TX000225,2025-05-06,2302.96,RUB,food,Перекрёсток,Покупка в Перекрёсток
TX000626,2025-05-06,363.43,RUB,entertainment,Okko,Покупка в Okko
TX000123,2025-05-07,2429.98,RUB,entertainment,Ресторан,Покупка в Ресторан
TX000425,2025-05-07,2430.19,RUB,food,Азбука Вкуса,Покупка в Азбука Вкуса
TX000527,2025-05-07,7484.28,RUB,health,Здоровье плюс,Покупка в Здоровье плюс
TX000900,2025-05-07,774.62,RUB,health,Медицина,Покупка в Медицина
TX000920,2025-05-08,1865.1,RUB,transport,АЗС Лукойл,Покупка в АЗС Лукойл
TX000636,2025-05-09,1763.72,RUB,utilities,ЖКУ,Покупка в ЖКУ
TX000089,2025-05-10,578.4,RUB,entertainment,Кинопоиск,Покупка в Кинопоиск
TX000353,2025-05-10,2408.47,RUB,food,Лента,Покупка в Лента
TX000438,2025-05-10,1335.74,RUB,transport,АЗС Газпром,Покупка в АЗС Газпром
TX000200,2025-05-11,2160.88,RUB,food,Пятёрочка,Покупка в Пятёрочка
TX000643,2025-05-11,505.86,RUB,transport,АЗС Газпром,Покупка в АЗС Газпром
TX000869,2025-05-11,11662.33,RUB,shopping,Ozon,Покупка в Ozon
TX000294,2025-05-12,1083.61,RUB,other,Снятие наличных,Покупка в Снятие наличных
TX000825,2025-05-12,634.02,RUB,food,Пятёрочка,Покупка в Пятёрочка
TX000881,2025-05-12,5312.47,RUB,health,Медицина,Покупка в Медицина
TX000991,2025-05-12,1060.33,RUB,entertainment,Театр.ру,Покупка в Театр.ру
TX000476,2025-05-13,2524.29,RUB,other,Снятие наличных,Покупка в Снятие наличных
TX000924,2025-05-13,2588.88,RUB,transport,СитиМобил,Покупка в СитиМобил
TX000909,2025-05-14,576.17,RUB,food,Магнит,Покупка в Магнит
TX000941,2025-05-14,1091.54,RUB,shopping,DNS,Покупка в DNS
TX000510,2025-05-15,1437.87,RUB,health,СМ-Клиника,Покупка в СМ-Клиника
TX000649,2025-05-15,1897.84,RUB,entertainment,Wink,Покупка в Wink
TX000953,2025-05-15,4132.92,RUB,utilities,Интернет-провайдер,Покупка в Интернет-провайдер
TX000270,2025-05-16,3180.28,RUB,food,ВкусВилл,Покупка в ВкусВилл
TX000342,2025-05-16,732.27,RUB,food,Магнит,Покупка в Магнит
TX000445,2025-05-16,3828.02,RUB,utilities,ЖКУ,Покупка в ЖКУ
TX000688,2025-05-16,2077.44,RUB,food,Перекрёсток,Покупка в Перекрёсток
TX000260,2025-05-17,5456.65,RUB,utilities,Интернет-провайдер,Покупка в Интернет-провайдер
TX000393,2025-05-17,12620.33,RUB,shopping,Wildberries,Покупка в Wildberries
TX000517,2025-05-17,3504.5,RUB,utilities,Мобильный оператор,Покупка в Мобильный оператор
TX000695,2025-05-17,3310.26,RUB,food,Перекрёсток,Покупка в Перекрёсток
TX000211,2025-05-18,1298.84,RUB,food,Пятёрочка,Покупка в Пятёрочка
TX000282,2025-05-19,3429.58,RUB,food,Перекрёсток,Покупка в Перекрёсток
TX000108,2025-05-20,2841.37,RUB,entertainment,Боулинг,Покупка в Боулинг
TX000324,2025-05-20,2896.08,RUB,food,Лента,Покупка в Лента
TX000143,2025-05-21,1227.69,RUB,transport,Яндекс.Такси,Покупка в Яндекс.Такси
TX000348,2025-05-21,2150.97,RUB,entertainment,Театр.ру,Покупка в Театр.ру
TX000080,2025-05-22,1633.93,RUB,transport,АЗС Газпром,Покупка в АЗС Газпром
TX000111,2025-05-22,15460.11,RUB,shopping,Lamoda,Покупка в Lamoda
TX000109,2025-05-23,535.87,RUB,food,Магнит,Покупка в Магнит
TX000558,2025-05-23,3102.2,RUB,entertainment,Wink,Покупка в Wink
TX000241,2025-05-24,11889.32,RUB,shopping,Спортмастер,Покупка в Спортмастер
TX000947,2025-05-24,121.31,RUB,transport,Яндекс.Такси,Покупка в Яндекс.Такси
TX000013,2025-05-25,2551.88,RUB,shopping,М.Видео,Покупка в М.Видео
TX000896,2025-05-25,1465.74,RUB,transport,СитиМобил,Покупка в СитиМобил
TX000988,2025-05-25,29843.07,RUB,shopping,DNS,Покупка в DNS
TX000100,2025-05-26,746.48,RUB,transport,Uber,Покупка в Uber
TX000769,2025-05-26,328.76,RUB,food,Азбука Вкуса,Покупка в Азбука Вкуса
TX000378,2025-05-27,1351.34,RUB,entertainment,Wink,Покупка в Wink
TX000422,2025-05-27,1099.93,RUB,transport,Яндекс.Такси,Покупка в Яндекс.Такси
TX000851,2025-05-27,1091.33,RUB,other,Перевод,Покупка в Перевод
TX000124,2025-05-28,807.55,RUB,transport,СитиМобил,Покупка в СитиМобил
TX000245,2025-05-28,2167.9,RUB,food,ВкусВилл,Покупка в ВкусВилл
TX000507,2025-05-28,1474.55,RUB,food,Магнит,Покупка в Магнит
TX000551,2025-05-29,837.35,RUB,shopping,DNS,Покупка в DNS
TX000214,2025-05-30,2458.4,RUB,food,ВкусВилл,Покупка в ВкусВилл
TX000951,2025-05-30,4770.5,RUB,food,Азбука Вкуса,Покупка в Азбука Вкуса
TX000750,2025-05-31,4565.15,RUB,food,Азбука Вкуса,Покупка в Азбука Вкуса
TX000752,2025-05-31,3389.64,RUB,food,Перекрёсток,Покупка в Перекрёсток
TX000783,2025-05-31,2469.82,RUB,entertainment,Wink,Покупка в Wink
TX000017,2025-06-01,28131.31,RUB,shopping,М.Видео,Покупка в М.Видео
TX000598,2025-06-01,689.68,RUB,transport,Метро,Покупка в Метро
TX000842,2025-06-01,3161.49,RUB,food,Лента,Покупка в Лента
TX000074,2025-06-02,828.22,RUB,food,Магнит,Покупка в Магнит
TX000175,2025-06-02,2855.25,RUB,entertainment,Театр.ру,Покупка в Театр.ру
TX000534,2025-06-02,9974.45,RUB,shopping,Lamoda,Покупка в Lamoda
TX000836,2025-06-02,1149.2,RUB,food,Пятёрочка,Покупка в Пятёрочка
TX000424,2025-06-03,2820.87,RUB,food,Перекрёсток,Покупка в Перекрёсток
TX000592,2025-06-03,3897.47,RUB,entertainment,Кинопоиск,Покупка в Кинопоиск
TX000032,2025-06-04,22650.9,RUB,shopping,DNS,Покупка в DNS
TX000475,2025-06-04,2818.77,RUB,food,Азбука Вкуса,Покупка в Азбука Вкуса
TX000541,2025-06-04,1565.9,RUB,food,Перекрёсток,Покупка в Перекрёсток
TX000616,2025-06-04,4839.24,RUB,food,Магнит,Покупка в Магнит
TX000019,2025-06-05,1495.75,RUB,food,Магнит,Покупка в Магнит
TX000351,2025-06-05,12430.48,RUB,shopping,DNS,Покупка в DNS
TX000474,2025-06-05,12789.31,RUB,shopping,DNS,Покупка в DNS
TX000546,2025-06-05,949.33,RUB,entertainment,Театр.ру,Покупка в Театр.ру
TX000554,2025-06-05,4296.6,RUB,utilities,Мобильный оператор,Покупка в Мобильный оператор
TX000704,2025-06-05,2733.03,RUB,food,Магнит,Покупка в Магнит
TX000187,2025-06-06,3793.13,RUB,entertainment,Ресторан,Покупка в Ресторан
TX000894,2025-06-06,1193.37,RUB,food,Пятёрочка,Покупка в Пятёрочка
TX000957,2025-06-06,20746.38,RUB,shopping,Ozon,Покупка в Ozon
TX000015,2025-06-07,2028.85,RUB,utilities,Интернет-провайдер,Покупка в Интернет-провайдер
TX000084,2025-06-08,1177.27,RUB,food,Перекрёсток,Покупка в Перекрёсток
TX000357,2025-06-08,321.5,RUB,transport,Uber,Покупка в Uber
TX000652,2025-06-08,3616.05,RUB,food,Магнит,Покупка в Магнит
TX000964,2025-06-08,2458.58,RUB,food,Пятёрочка,Покупка в Пятёрочка
TX000049,2025-06-09,2594.3,RUB,shopping,Wildberries,Покупка в Wildberries
TX000506,2025-06-10,2629.09,RUB,transport,АЗС Газпром,Покупка в АЗС Газпром
TX000361,2025-06-11,561.7,RUB,food,Азбука Вкуса,Покупка в Азбука Вкуса
TX000203,2025-06-12,23740.93,RUB,shopping,Lamoda,Покупка в Lamoda
TX000248,2025-06-12,5747.77,RUB,utilities,Интернет-провайдер,Покупка в Интернет-провайдер
TX000747,2025-06-12,653.76,RUB,health,Аптека Ригла,Покупка в Аптека Ригла
TX000363,2025-06-13,19468.26,RUB,shopping,DNS,Покупка в DNS
TX000946,2025-06-13,2226.36,RUB,entertainment,Ресторан,Покупка в Ресторан
TX000330,2025-06-14,25432.08,RUB,shopping,Спортмастер,Покупка в Спортмастер
TX000413,2025-06-14,3266.97,RUB,food,Магнит,Покупка в Магнит
TX000284,2025-06-15,2463.09,RUB,food,ВкусВилл,Покупка в ВкусВилл
TX000509,2025-06-15,15964.85,RUB,shopping,Ozon,Покупка в Ozon
TX000666,2025-06-15,1063.43,RUB,transport,СитиМобил,Покупка в СитиМобил
TX000194,2025-06-16,3110.32,RUB,food,Магнит,Покупка в Магнит
TX000390,2025-06-16,4406.69,RUB,food,Перекрёсток,Покупка в Перекрёсток
TX000650,2025-06-16,3027.98,RUB,shopping,Спортмастер,Покупка в Спортмастер
TX000706,2025-06-16,4258.49,RUB,food,Перекрёсток,Покупка в Перекрёсток
TX000994,2025-06-16,2655.61,RUB,food,Пятёрочка,Покупка в Пятёрочка
TX000623,2025-06-17,3400.42,RUB,food,Азбука Вкуса,Покупка в Азбука Вкуса
TX000699,2025-06-18,12169.68,RUB,shopping,Спортмастер,Покупка в Спортмастер
TX000513,2025-06-19,1290.09,RUB,transport,Uber,Покупка в Uber
TX000683,2025-06-19,5406.99,RUB,shopping,Lamoda,Покупка в Lamoda
TX000872,2025-06-19,1727.44,RUB,food,Лента,Покупка в Лента
TX000374,2025-06-20,1619.8,RUB,transport,СитиМобил,Покупка в СитиМобил
TX000226,2025-06-21,3900.64,RUB,entertainment,Кинопоиск,Покупка в Кинопоиск
TX000331,2025-06-21,16923.82,RUB,shopping,М.Видео,Покупка в М.Видео
TX000768,2025-06-21,3080.04,RUB,food,Лента,Покупка в Лента
TX000786,2025-06-21,2993.55,RUB,utilities,ЖКУ,Покупка в ЖКУ
TX000340,2025-06-22,2235.27,RUB,food,Азбука Вкуса,Покупка в Азбука Вкуса
TX000083,2025-06-23,8534.27,RUB,shopping,Ozon,Покупка в Ozon
TX000210,2025-06-23,3725.76,RUB,food,Магнит,Покупка в Магнит
TX000471,2025-06-23,3197.5,RUB,food,Азбука Вкуса,Покупка в Азбука Вкуса
TX000360,2025-06-24,1146.9,RUB,food,Перекрёсток,Покупка в Перекрёсток
TX000540,2025-06-24,2141.16,RUB,utilities,ЖКУ,Покупка в ЖКУ
TX000160,2025-06-25,4281.41,RUB,food,Перекрёсток,Покупка в Перекрёсток
TX000326,2025-06-25,5826.19,RUB,utilities,ЖКУ,Покупка в ЖКУ
TX000942,2025-06-25,3307.38,RUB,food,ВкусВилл,Покупка в ВкусВилл
TX000038,2025-06-26,3698.43,RUB,entertainment,Боулинг,Покупка в Боулинг
TX000209,2025-06-26,2907.67,RUB,utilities,Интернет-провайдер,Покупка в Интернет-провайдер
TX000232,2025-06-26,1719.27,RUB,entertainment,Театр.ру,Покупка в Театр.ру
TX000657,2025-06-26,646.71,RUB,food,Лента,Покупка в Лента
TX000172,2025-06-27,1086.98,RUB,transport,Метро,Покупка в Метро
TX000297,2025-06-27,3280.18,RUB,food,ВкусВилл,Покупка в ВкусВилл
TX000301,2025-06-27,2387.07,RUB,transport,Uber,Покупка в Uber
TX000559,2025-06-27,5538.63,RUB,health,Аптека 36.6,Покупка в Аптека 36.6
TX000710,2025-06-27,11959.67,RUB,shopping,DNS,Покупка в DNS
TX000206,2025-06-28,4004.62,RUB,food,ВкусВилл,Покупка в ВкусВилл
TX000910,2025-06-28,528.85,RUB,transport,АЗС Газпром,Покупка в АЗС Газпром
TX000948,2025-06-28,5658.43,RUB,other,Снятие наличных,Покупка в Снятие наличных
TX000145,2025-06-29,5488.11,RUB,utilities,ЖКУ,Покупка в ЖКУ
TX000167,2025-06-29,3653.92,RUB,health,СМ-Клиника,Покупка в СМ-Клиника
TX000502,2025-06-29,8441.76,RUB,other,Подписка,Покупка в Подписка
TX000854,2025-06-29,610.69,RUB,transport,Uber,Покупка в Uber
TX000855,2025-06-30,2123.12,RUB,transport,АЗС Газпром,Покупка в АЗС Газпром
TX000727,2025-07-01,1916.06,RUB,health,Аптека 36.6,Покупка в Аптека 36.6
TX000765,2025-07-01,4638.45,RUB,utilities,Мосэнергосбыт,Покупка в Мосэнергосбыт
TX000915,2025-07-01,911.36,RUB,food,ВкусВилл,Покупка в ВкусВилл
TX000528,2025-07-02,3155.25,RUB,food,Пятёрочка,Покупка в Пятёрочка
TX000705,2025-07-02,1872.79,RUB,transport,СитиМобил,Покупка в СитиМобил
TX000067,2025-07-03,474.39,RUB,food,Перекрёсток,Покупка в Перекрёсток
TX000138,2025-07-03,2069.49,RUB,food,Магнит,Покупка в Магнит
TX000215,2025-07-03,626.32,RUB,transport,Метро,Покупка в Метро
TX000612,2025-07-03,8192.84,RUB,shopping,Wildberries,Покупка в Wildberries
TX000850,2025-07-03,2741.28,RUB,food,Магнит,Покупка в Магнит
TX000963,2025-07-03,1177.88,RUB,transport,Метро,Покупка в Метро
TX000090,2025-07-04,5090.27,RUB,utilities,ЖКУ,Покупка в ЖКУ
TX000505,2025-07-04,2941.7,RUB,transport,Яндекс.Такси,Покупка в Яндекс.Такси
TX000564,2025-07-04,695.66,RUB,transport,АЗС Газпром,Покупка в АЗС Газпром
TX000470,2025-07-05,2489.69,RUB,entertainment,Театр.ру,Покупка в Театр.ру
TX000106,2025-07-07,435.37,RUB,transport,АЗС Лукойл,Покупка в АЗС Лукойл
TX000213,2025-07-07,8232.07,RUB,other,Подписка,Покупка в Подписка
TX000587,2025-07-07,2965.33,RUB,food,Азбука Вкуса,Покупка в Азбука Вкуса
TX000139,2025-07-08,5212.03,RUB,utilities,ЖКУ,Покупка в ЖКУ
TX000415,2025-07-08,19142.67,RUB,shopping,Wildberries,Покупка в Wildberries
TX000671,2025-07-08,14984.72,RUB,shopping,М.Видео,Покупка в М.Видео
TX000687,2025-07-08,17625.29,RUB,shopping,DNS,Покупка в DNS
TX000458,2025-07-09,3078.9,RUB,health,Аптека Ригла,Покупка в Аптека Ригла
TX000838,2025-07-09,443.06,RUB,food,Магнит,Покупка в Магнит
TX001000,2025-07-09,4553.02,RUB,food,Пятёрочка,Покупка в Пятёрочка
TX000052,2025-07-10,3672.09,RUB,food,ВкусВилл,Покупка в ВкусВилл
TX000396,2025-07-10,2523.13,RUB,utilities,Мосэнергосбыт,Покупка в Мосэнергосбыт
TX000906,2025-07-10,4522.18,RUB,food,Лента,Покупка в Лента
TX000070,2025-07-11,12411.38,RUB,shopping,Ozon,Покупка в Ozon
TX000022,2025-07-12,4583.05,RUB,food,ВкусВилл,Покупка в ВкусВилл
TX000794,2025-07-12,505.12,RUB,entertainment,Okko,Покупка в Okko
TX000856,2025-07-12,1888.07,RUB,food,Азбука Вкуса,Покупка в Азбука Вкуса
TX000871,2025-07-12,5179.16,RUB,utilities,Интернет-провайдер,Покупка в Интернет-провайдер
TX000255,2025-07-13,1640.38,RUB,transport,Uber,Покупка в Uber
TX000847,2025-07-13,1572.93,RUB,entertainment,Wink,Покупка в Wink
TX000566,2025-07-14,1837.07,RUB,entertainment,Боулинг,Покупка в Боулинг
TX000638,2025-07-14,27029.69,RUB,shopping,Lamoda,Покупка в Lamoda
TX000641,2025-07-14,2604.43,RUB,health,Аптека Ригла,Покупка в Аптека Ригла
TX000805,2025-07-14,1042.48,RUB,entertainment,Okko,Покупка в Okko
TX000916,2025-07-14,27785.38,RUB,shopping,Wildberries,Покупка в Wildberries
TX000004,2025-07-15,3089.69,RUB,food,Лента,Покупка в Лента
TX000449,2025-07-15,15773.49,RUB,shopping,Спортмастер,Покупка в Спортмастер
TX000596,2025-07-15,4590.76,RUB,food,Магнит,Покупка в Магнит
TX000867,2025-07-15,21361.9,RUB,shopping,Ozon,Покупка в Ozon
TX000093,2025-07-16,3532.41,RUB,shopping,М.Видео,Покупка в М.Видео
TX000602,2025-07-16,3676.67,RUB,food,Лента,Покупка в Лента
TX000659,2025-07-16,2202.05,RUB,transport,Яндекс.Такси,Покупка в Яндекс.Такси
TX000960,2025-07-16,1257.01,RUB,entertainment,Ресторан,Покупка в Ресторан
TX000280,2025-07-17,5819.98,RUB,utilities,Интернет-провайдер,Покупка в Интернет-провайдер
TX000590,2025-07-17,1520.74,RUB,food,Перекрёсток,Покупка в Перекрёсток
TX000064,2025-07-18,4795.12,RUB,food,Азбука Вкуса,Покупка в Азбука Вкуса
TX000323,2025-07-18,24447.19,RUB,shopping,Lamoda,Покупка в Lamoda
TX000830,2025-07-18,4302.09,RUB,food,Магнит,Покупка в Магнит
TX000030,2025-07-19,1634.43,RUB,transport,СитиМобил,Покупка в СитиМобил
TX000112,2025-07-19,2121.9,RUB,transport,СитиМобил,Покупка в СитиМобил
TX000299,2025-07-19,2131.54,RUB,other,Подписка,Покупка в Подписка
TX000493,2025-07-19,1134.35,RUB,food,Лента,Покупка в Лента
TX000804,2025-07-19,2300.16,RUB,utilities,Мобильный оператор,Покупка в Мобильный оператор
TX000199,2025-07-20,7576.02,RUB,shopping,Ozon,Покупка в Ozon
TX000317,2025-07-20,3324.4,RUB,food,Азбука Вкуса,Покупка в Азбука Вкуса
TX000463,2025-07-20,1574.7,RUB,entertainment,Боулинг,Покупка в Боулинг
TX000696,2025-07-20,4273.15,RUB,health,Аптека 36.6,Покупка в Аптека 36.6
TX000059,2025-07-21,1939.58,RUB,entertainment,Кинопоиск,Покупка в Кинопоиск
TX000219,2025-07-21,4105.12,RUB,food,Магнит,Покупка в Магнит
TX000224,2025-07-21,6504.97,RUB,shopping,Wildberries,Покупка в Wildberries
TX000494,2025-07-21,2620.43,RUB,food,Магнит,Покупка в Магнит
TX000002,2025-07-23,691.98,RUB,food,Азбука Вкуса,Покупка в Азбука Вкуса
TX000141,2025-07-23,16377.51,RUB,shopping,Спортмастер,Покупка в Спортмастер
TX000673,2025-07-23,679.42,RUB,transport,АЗС Лукойл,Покупка в АЗС Лукойл
TX000775,2025-07-23,2220.14,RUB,food,Лента,Покупка в Лента
TX000204,2025-07-24,13041.6,RUB,shopping,Ozon,Покупка в Ozon
TX000429,2025-07-24,5940.17,RUB,utilities,Интернет-провайдер,Покупка в Интернет-провайдер
TX000845,2025-07-24,1395.91,RUB,food,Лента,Покупка в Лента
TX000066,2025-07-25,2980.07,RUB,food,Пятёрочка,Покупка в Пятёрочка
TX000809,2025-07-25,314.77,RUB,food,Магнит,Покупка в Магнит
TX000901,2025-07-25,20210.16,RUB,shopping,Wildberries,Покупка в Wildberries
TX000044,2025-07-26,5804.0,RUB,utilities,Интернет-провайдер,Покупка в Интернет-провайдер
TX000150,2025-07-26,2457.47,RUB,food,Пятёрочка,Покупка в Пятёрочка
TX000290,2025-07-26,2119.8,RUB,transport,АЗС Газпром,Покупка в АЗС Газпром
TX000302,2025-07-26,4940.13,RUB,food,ВкусВилл,Покупка в ВкусВилл
TX000575,2025-07-26,2896.02,RUB,transport,АЗС Газпром,Покупка в АЗС Газпром
TX000642,2025-07-26,3449.77,RUB,food,Магнит,Покупка в Магнит
TX000889,2025-07-26,2193.91,RUB,transport,АЗС Лукойл,Покупка в АЗС Лукойл
TX000166,2025-07-27,6197.53,RUB,other,Снятие наличных,Покупка в Снятие наличных
TX000576,2025-07-27,769.44,RUB,food,Перекрёсток,Покупка в Перекрёсток
TX000594,2025-07-27,1191.73,RUB,transport,Метро,Покупка в Метро
TX000010,2025-07-28,22027.09,RUB,shopping,Wildberries,Покупка в Wildberries
TX000181,2025-07-28,1714.63,RUB,food,ВкусВилл,Покупка в ВкусВилл
TX000281,2025-07-28,140.36,RUB,transport,СитиМобил,Покупка в СитиМобил
TX000681,2025-07-28,5702.58,RUB,health,Здоровье плюс,Покупка в Здоровье плюс
TX000702,2025-07-28,4745.58,RUB,health,Аптека Ригла,Покупка в Аптека Ригла
TX000780,2025-07-28,339.04,RUB,transport,СитиМобил,Покупка в СитиМобил
TX000903,2025-07-28,3523.47,RUB,health,Медицина,Покупка в Медицина
TX000607,2025-07-29,1708.45,RUB,entertainment,Okko,Покупка в Okko
TX000987,2025-07-29,841.79,RUB,transport,АЗС Газпром,Покупка в АЗС Газпром
TX000624,2025-07-30,586.52,RUB,utilities,Интернет-провайдер,Покупка в Интернет-провайдер
TX000178,2025-07-31,14461.18,RUB,shopping,Lamoda,Покупка в Lamoda
TX000529,2025-07-31,3415.2,RUB,food,Пятёрочка,Покупка в Пятёрочка
TX000761,2025-07-31,4714.17,RUB,shopping,М.Видео,Покупка в М.Видео
TX000976,2025-07-31,7592.79,RUB,other,Снятие наличных,Покупка в Снятие наличных
TX000043,2025-08-01,5371.25,RUB,shopping,DNS,Покупка в DNS
TX000560,2025-08-01,3390.29,RUB,utilities,ЖКУ,Покупка в ЖКУ
TX000773,2025-08-01,3050.86,RUB,food,Азбука Вкуса,Покупка в Азбука Вкуса
TX000384,2025-08-02,29916.34,RUB,shopping,М.Видео,Покупка в М.Видео
TX000389,2025-08-02,3389.94,RUB,entertainment,Боулинг,Покупка в Боулинг
TX000628,2025-08-02,1010.15,RUB,entertainment,Театр.ру,Покупка в Театр.ру
TX000859,2025-08-02,1250.28,RUB,food,Лента,Покупка в Лента
TX000183,2025-08-03,21875.26,RUB,shopping,Lamoda,Покупка в Lamoda
TX000165,2025-08-04,5696.04,RUB,shopping,Спортмастер,Покупка в Спортмастер
TX000996,2025-08-04,3934.2,RUB,food,ВкусВилл,Покупка в ВкусВилл
TX000132,2025-08-05,6196.77,RUB,health,Здоровье плюс,Покупка в Здоровье плюс
TX000563,2025-08-05,5353.85,RUB,shopping,Ozon,Покупка в Ozon
TX000589,2025-08-05,2958.52,RUB,transport,Uber,Покупка в Uber
TX000434,2025-08-06,1659.18,RUB,entertainment,Wink,Покупка в Wink
TX000465,2025-08-06,2511.03,RUB,transport,Яндекс.Такси,Покупка в Яндекс.Такси
TX000514,2025-08-06,4381.76,RUB,utilities,ЖКУ,Покупка в ЖКУ
TX000173,2025-08-07,16895.84,RUB,shopping,Lamoda,Покупка в Lamoda
TX000802,2025-08-07,963.57,RUB,entertainment,Кинопоиск,Покупка в Кинопоиск
TX000928,2025-08-07,4575.2,RUB,utilities,Интернет-провайдер,Покупка в Интернет-провайдер
TX000500,2025-08-08,2543.16,RUB,entertainment,Театр.ру,Покупка в Театр.ру
TX000732,2025-08-08,1483.25,RUB,food,Лента,Покупка в Лента
TX000341,2025-08-09,725.15,RUB,transport,Метро,Покупка в Метро
TX000402,2025-08-09,1509.4,RUB,food,ВкусВилл,Покупка в ВкусВилл
TX000441,2025-08-09,2149.81,RUB,food,Азбука Вкуса,Покупка в Азбука Вкуса
TX000608,2025-08-09,8216.07,RUB,shopping,Lamoda,Покупка в Lamoda
TX000117,2025-08-10,2799.82,RUB,entertainment,Wink,Покупка в Wink
TX000686,2025-08-10,1441.94,RUB,food,Пятёрочка,Покупка в Пятёрочка
TX000068,2025-08-11,882.5,RUB,entertainment,Боулинг,Покупка в Боулинг
TX000102,2025-08-11,3576.35,RUB,other,Снятие наличных,Покупка в Снятие наличных
TX000456,2025-08-11,4865.33,RUB,utilities,Мосэнергосбыт,Покупка в Мосэнергосбыт
TX000770,2025-08-11,3347.62,RUB,utilities,Мосэнергосбыт,Покупка в Мосэнергосбыт
TX000796,2025-08-11,1756.22,RUB,utilities,ЖКУ,Покупка в ЖКУ
TX000036,2025-08-12,5129.18,RUB,utilities,Мобильный оператор,Покупка в Мобильный оператор
TX000162,2025-08-12,1671.11,RUB,entertainment,Ресторан,Покупка в Ресторан
TX000234,2025-08-12,2917.04,RUB,health,СМ-Клиника,Покупка в СМ-Клиника
TX000368,2025-08-12,3152.04,RUB,food,Пятёрочка,Покупка в Пятёрочка
TX000419,2025-08-12,2811.59,RUB,food,Лента,Покупка в Лента
TX000934,2025-08-13,4152.83,RUB,food,Перекрёсток,Покупка в Перекрёсток
TX000553,2025-08-14,1800.04,RUB,entertainment,Театр.ру,Покупка в Театр.ру
TX000023,2025-08-16,1669.45,RUB,utilities,Мобильный оператор,Покупка в Мобильный оператор
TX000223,2025-08-16,3188.64,RUB,food,Перекрёсток,Покупка в Перекрёсток
TX000414,2025-08-16,3395.74,RUB,entertainment,Кинопоиск,Покупка в Кинопоиск
TX000634,2025-08-16,5555.82,RUB,shopping,М.Видео,Покупка в М.Видео
TX000793,2025-08-17,3212.16,RUB,food,Лента,Покупка в Лента
TX000873,2025-08-17,699.73,RUB,food,Лента,Покупка в Лента
TX000995,2025-08-17,3966.85,RUB,food,Пятёрочка,Покупка в Пятёрочка
TX000218,2025-08-18,2764.05,RUB,utilities,Мобильный оператор,Покупка в Мобильный оператор
TX000489,2025-08-18,1990.94,RUB,shopping,Wildberries,Покупка в Wildberries
TX000664,2025-08-18,2190.61,RUB,transport,Uber,Покупка в Uber
TX000720,2025-08-18,2915.12,RUB,food,Магнит,Покупка в Магнит
TX000857,2025-08-19,3808.96,RUB,entertainment,Боулинг,Покупка в Боулинг
TX000879,2025-08-19,26594.28,RUB,shopping,Ozon,Покупка в Ozon
TX000311,2025-08-20,5582.95,RUB,health,СМ-Клиника,Покупка в СМ-Клиника
TX000451,2025-08-20,6970.41,RUB,other,Снятие наличных,Покупка в Снятие наличных
TX000891,2025-08-20,2838.38,RUB,food,Лента,Покупка в Лента
TX000163,2025-08-21,25562.48,RUB,shopping,Wildberries,Покупка в Wildberries
TX000236,2025-08-21,7991.55,RUB,health,Медицина,Покупка в Медицина
TX000982,2025-08-21,2385.03,RUB,utilities,Мосэнергосбыт,Покупка в Мосэнергосбыт
TX000711,2025-08-22,2230.59,RUB,food,Магнит,Покупка в Магнит
TX000866,2025-08-22,23859.35,RUB,shopping,Спортмастер,Покупка в Спортмастер
TX000041,2025-08-23,971.09,RUB,utilities,ЖКУ,Покупка в ЖКУ
TX000051,2025-08-23,1536.69,RUB,food,ВкусВилл,Покупка в ВкусВилл
TX000061,2025-08-23,1746.48,RUB,other,Перевод,Покупка в Перевод
TX000746,2025-08-23,478.72,RUB,transport,АЗС Лукойл,Покупка в АЗС Лукойл
TX000918,2025-08-23,2606.74,RUB,utilities,Мобильный оператор,Покупка в Мобильный оператор
TX000949,2025-08-25,20690.19,RUB,shopping,Lamoda,Покупка в Lamoda
TX000310,2025-08-26,2294.35,RUB,shopping,Wildberries,Покупка в Wildberries
TX000460,2025-08-26,4998.06,RUB,food,Магнит,Покупка в Магнит
TX000521,2025-08-26,2547.21,RUB,food,Азбука Вкуса,Покупка в Азбука Вкуса
TX000605,2025-08-26,7494.1,RUB,other,Перевод,Покупка в Перевод
TX000843,2025-08-26,4437.34,RUB,food,Магнит,Покупка в Магнит
TX000893,2025-08-26,3200.44,RUB,food,Азбука Вкуса,Покупка в Азбука Вкуса
TX000190,2025-08-27,1411.9,RUB,food,Пятёрочка,Покупка в Пятёрочка
TX000515,2025-08-27,4990.99,RUB,food,Перекрёсток,Покупка в Перекрёсток
TX000974,2025-08-27,13156.25,RUB,shopping,Спортмастер,Покупка в Спортмастер
TX000240,2025-08-29,740.06,RUB,utilities,Интернет-провайдер,Покупка в Интернет-провайдер
TX000499,2025-08-29,1798.6,RUB,food,Азбука Вкуса,Покупка в Азбука Вкуса
TX000936,2025-08-29,1393.7,RUB,transport,АЗС Лукойл,Покупка в АЗС Лукойл
TX000571,2025-08-30,5923.75,RUB,utilities,ЖКУ,Покупка в ЖКУ
TX000797,2025-08-30,1373.85,RUB,food,Пятёрочка,Покупка в Пятёрочка
TX000216,2025-08-31,2910.26,RUB,transport,СитиМобил,Покупка в СитиМобил
TX000395,2025-08-31,1685.45,RUB,food,ВкусВилл,Покупка в ВкусВилл
TX000609,2025-08-31,1042.35,RUB,utilities,Интернет-провайдер,Покупка в Интернет-провайдер
TX000144,2025-09-01,21863.35,RUB,shopping,Спортмастер,Покупка в Спортмастер
TX000278,2025-09-01,24224.86,RUB,shopping,Lamoda,Покупка в Lamoda
TX000486,2025-09-01,29881.1,RUB,shopping,Спортмастер,Покупка в Спортмастер
TX000803,2025-09-02,782.37,RUB,other,Снятие наличных,Покупка в Снятие наличных
TX000127,2025-09-03,1988.91,RUB,entertainment,Кинопоиск,Покупка в Кинопоиск
TX000169,2025-09-03,1370.54,RUB,food,Магнит,Покупка в Магнит
TX000578,2025-09-03,7834.38,RUB,health,Аптека Ригла,Покупка в Аптека Ригла
TX000824,2025-09-03,1972.09,RUB,entertainment,Театр.ру,Покупка в Театр.ру
TX000258,2025-09-04,829.54,RUB,entertainment,Боулинг,Покупка в Боулинг
TX000674,2025-09-04,329.2,RUB,food,Лента,Покупка в Лента
TX000697,2025-09-04,2246.57,RUB,food,Лента,Покупка в Лента
TX000099,2025-09-05,1597.65,RUB,utilities,Мосэнергосбыт,Покупка в Мосэнергосбыт
TX000164,2025-09-05,3250.81,RUB,food,Перекрёсток,Покупка в Перекрёсток
TX000516,2025-09-05,3839.74,RUB,entertainment,Okko,Покупка в Okko
TX000309,2025-09-06,15882.81,RUB,shopping,М.Видео,Покупка в М.Видео
TX000742,2025-09-06,4520.13,RUB,utilities,ЖКУ,Покупка в ЖКУ
TX000968,2025-09-06,2689.25,RUB,transport,АЗС Лукойл,Покупка в АЗС Лукойл
TX000244,2025-09-07,1048.41,RUB,utilities,Интернет-провайдер,Покупка в Интернет-провайдер
TX000980,2025-09-07,7603.17,RUB,health,Здоровье плюс,Покупка в Здоровье плюс
TX000033,2025-09-08,1360.82,RUB,transport,Метро,Покупка в Метро
TX000063,2025-09-08,869.09,RUB,transport,СитиМобил,Покупка в СитиМобил
TX000289,2025-09-08,851.19,RUB,food,Лента,Покупка в Лента
TX000296,2025-09-08,4755.25,RUB,food,Пятёрочка,Покупка в Пятёрочка
TX000315,2025-09-08,1638.61,RUB,transport,АЗС Лукойл,Покупка в АЗС Лукойл
TX000556,2025-09-08,2495.27,RUB,food,ВкусВилл,Покупка в ВкусВилл
TX000452,2025-09-09,4293.57,RUB,food,ВкусВилл,Покупка в ВкусВилл
TX000693,2025-09-09,2971.38,RUB,entertainment,Wink,Покупка в Wink
TX000820,2025-09-09,10124.42,RUB,shopping,М.Видео,Покупка в М.Видео
TX000462,2025-09-10,3283.23,RUB,food,Перекрёсток,Покупка в Перекрёсток
TX000362,2025-09-11,3111.55,RUB,entertainment,Боулинг,Покупка в Боулинг
TX000394,2025-09-11,18512.56,RUB,shopping,Спортмастер,Покупка в Спортмастер
TX000655,2025-09-11,1099.48,RUB,food,Пятёрочка,Покупка в Пятёрочка
TX000907,2025-09-11,4849.71,RUB,shopping,DNS,Покупка в DNS
TX000898,2025-09-12,1171.26,RUB,transport,СитиМобил,Покупка в СитиМобил
TX000252,2025-09-13,26241.09,RUB,shopping,М.Видео,Покупка в М.Видео
TX000293,2025-09-13,1242.89,RUB,food,Перекрёсток,Покупка в Перекрёсток
TX000717,2025-09-13,21449.2,RUB,shopping,Спортмастер,Покупка в Спортмастер
TX000128,2025-09-14,18065.84,RUB,shopping,DNS,Покупка в DNS
TX000195,2025-09-14,2025.81,RUB,food,Лента,Покупка в Лента
TX000525,2025-09-14,3529.0,RUB,other,Перевод,Покупка в Перевод
TX000925,2025-09-14,845.05,RUB,food,ВкусВилл,Покупка в ВкусВилл
TX000364,2025-09-15,1016.8,RUB,transport,АЗС Газпром,Покупка в АЗС Газпром
TX000762,2025-09-15,2705.07,RUB,entertainment,Боулинг,Покупка в Боулинг
TX000046,2025-09-16,1984.65,RUB,transport,АЗС Газпром,Покупка в АЗС Газпром
TX000207,2025-09-16,27675.18,RUB,shopping,DNS,Покупка в DNS
TX000878,2025-09-16,670.74,RUB,health,Аптека Ригла,Покупка в Аптека Ригла
TX000784,2025-09-17,9650.0,RUB,shopping,Wildberries,Покупка в Wildberries
TX000662,2025-09-18,503.68,RUB,food,ВкусВилл,Покупка в ВкусВилл
TX000887,2025-09-18,991.99,RUB,food,Азбука Вкуса,Покупка в Азбука Вкуса
TX000973,2025-09-18,778.8,RUB,entertainment,Кинопоиск,Покупка в Кинопоиск
TX000981,2025-09-18,15961.47,RUB,shopping,DNS,Покупка в DNS
TX000667,2025-09-20,1376.65,RUB,transport,Метро,Покупка в Метро
TX000685,2025-09-20,9660.6,RUB,other,Снятие наличных,Покупка в Снятие наличных
TX000146,2025-09-21,610.61,RUB,entertainment,Кинопоиск,Покупка в Кинопоиск
TX000728,2025-09-21,18502.72,RUB,shopping,М.Видео,Покупка в М.Видео
TX000744,2025-09-21,1977.29,RUB,health,СМ-Клиника,Покупка в СМ-Клиника
TX000749,2025-09-21,2976.33,RUB,transport,Яндекс.Такси,Покупка в Яндекс.Такси
TX000088,2025-09-22,2848.07,RUB,food,Магнит,Покупка в Магнит
TX000129,2025-09-22,26814.6,RUB,shopping,М.Видео,Покупка в М.Видео
TX000591,2025-09-22,3942.96,RUB,utilities,Мосэнергосбыт,Покупка в Мосэнергосбыт
TX000262,2025-09-23,6425.49,RUB,other,Снятие наличных,Покупка в Снятие наличных
TX000723,2025-09-23,16617.42,RUB,shopping,Спортмастер,Покупка в Спортмастер
TX000325,2025-09-24,4393.32,RUB,food,Перекрёсток,Покупка в Перекрёсток
TX000411,2025-09-24,2552.86,RUB,entertainment,Ресторан,Покупка в Ресторан
TX000569,2025-09-24,2654.37,RUB,shopping,DNS,Покупка в DNS
TX000757,2025-09-24,4122.12,RUB,food,Перекрёсток,Покупка в Перекрёсток
TX000944,2025-09-24,19460.84,RUB,shopping,М.Видео,Покупка в М.Видео
TX000149,2025-09-25,8708.57,RUB,shopping,Спортмастер,Покупка в Спортмастер
TX000573,2025-09-25,19553.48,RUB,shopping,М.Видео,Покупка в М.Видео
TX000005,2025-09-26,3566.36,RUB,food,Азбука Вкуса,Покупка в Азбука Вкуса
TX000336,2025-09-26,1232.64,RUB,food,Лента,Покупка в Лента
TX000799,2025-09-26,3040.46,RUB,entertainment,Ресторан,Покупка в Ресторан
TX000812,2025-09-26,4918.96,RUB,food,Лента,Покупка в Лента
TX000844,2025-09-26,2038.47,RUB,food,Перекрёсток,Покупка в Перекрёсток
TX000914,2025-09-26,4824.34,RUB,health,Медицина,Покупка в Медицина
TX000593,2025-09-27,9902.67,RUB,shopping,DNS,Покупка в DNS
TX000926,2025-09-27,2374.53,RUB,health,Здоровье плюс,Покупка в Здоровье плюс
TX000137,2025-09-28,1673.57,RUB,transport,Метро,Покупка в Метро
TX000274,2025-09-28,1768.25,RUB,food,Перекрёсток,Покупка в Перекрёсток
TX000291,2025-09-28,2207.14,RUB,transport,АЗС Газпром,Покупка в АЗС Газпром
TX000404,2025-09-28,7464.63,RUB,health,Здоровье плюс,Покупка в Здоровье плюс
TX000779,2025-09-28,2936.73,RUB,entertainment,Ресторан,Покупка в Ресторан
TX000530,2025-09-29,451.96,RUB,food,ВкусВилл,Покупка в ВкусВилл
TX000620,2025-09-29,4703.86,RUB,utilities,ЖКУ,Покупка в ЖКУ
TX000658,2025-09-29,395.02,RUB,health,СМ-Клиника,Покупка в СМ-Клиника
TX000676,2025-10-01,6606.03,RUB,health,Аптека Ригла,Покупка в Аптека Ригла
TX000716,2025-10-01,6565.39,RUB,other,Подписка,Покупка в Подписка
TX000053,2025-10-02,23646.27,RUB,shopping,Ozon,Покупка в Ozon
TX000174,2025-10-02,1827.46,RUB,utilities,ЖКУ,Покупка в ЖКУ
TX000056,2025-10-04,3403.33,RUB,shopping,М.Видео,Покупка в М.Видео
TX000208,2025-10-04,1659.64,RUB,food,Азбука Вкуса,Покупка в Азбука Вкуса
TX000983,2025-10-04,578.16,RUB,transport,Uber,Покупка в Uber
TX000021,2025-10-05,4064.22,RUB,food,Пятёрочка,Покупка в Пятёрочка
TX000334,2025-10-05,2918.34,RUB,food,ВкусВилл,Покупка в ВкусВилл
TX000492,2025-10-05,11295.15,RUB,shopping,Спортмастер,Покупка в Спортмастер
TX000679,2025-10-05,2500.33,RUB,food,Лента,Покупка в Лента
TX000833,2025-10-05,1306.51,RUB,health,Аптека 36.6,Покупка в Аптека 36.6
TX000026,2025-10-06,26985.78,RUB,shopping,Спортмастер,Покупка в Спортмастер
TX000432,2025-10-06,2297.37,RUB,food,Перекрёсток,Покупка в Перекрёсток
TX000684,2025-10-06,3451.87,RUB,food,Азбука Вкуса,Покупка в Азбука Вкуса
TX000295,2025-10-07,1140.15,RUB,transport,АЗС Газпром,Покупка в АЗС Газпром
TX000538,2025-10-07,5984.44,RUB,utilities,ЖКУ,Покупка в ЖКУ
TX000629,2025-10-07,1483.16,RUB,food,Перекрёсток,Покупка в Перекрёсток
TX000646,2025-10-07,2869.09,RUB,transport,АЗС Лукойл,Покупка в АЗС Лукойл
TX000778,2025-10-07,4753.66,RUB,food,Пятёрочка,Покупка в Пятёрочка
TX000523,2025-10-08,11700.98,RUB,shopping,DNS,Покупка в DNS
TX000501,2025-10-09,1728.94,RUB,food,Лента,Покупка в Лента
TX000672,2025-10-09,3195.63,RUB,health,Здоровье плюс,Покупка в Здоровье плюс
TX000819,2025-10-09,4284.39,RUB,food,Перекрёсток,Покупка в Перекрёсток
TX000381,2025-10-10,2125.59,RUB,transport,АЗС Газпром,Покупка в АЗС Газпром
TX000700,2025-10-11,3757.12,RUB,utilities,Интернет-провайдер,Покупка в Интернет-провайдер
TX000375,2025-10-12,4606.1,RUB,food,Перекрёсток,Покупка в Перекрёсток
TX000853,2025-10-12,17482.92,RUB,shopping,Ozon,Покупка в Ozon
TX000029,2025-10-13,4892.35,RUB,health,СМ-Клиника,Покупка в СМ-Клиника
TX000405,2025-10-13,1995.02,RUB,food,Лента,Покупка в Лента
TX000444,2025-10-14,1958.38,RUB,food,Азбука Вкуса,Покупка в Азбука Вкуса
TX000483,2025-10-14,1593.02,RUB,food,Пятёрочка,Покупка в Пятёрочка
TX000549,2025-10-14,325.27,RUB,entertainment,Театр.ру,Покупка в Театр.ру
TX000715,2025-10-14,1451.69,RUB,other,Снятие наличных,Покупка в Снятие наличных
TX000758,2025-10-14,2589.44,RUB,shopping,Спортмастер,Покупка в Спортмастер
TX000264,2025-10-15,1155.87,RUB,other,Снятие наличных,Покупка в Снятие наличных
TX000397,2025-10-15,7717.44,RUB,other,Снятие наличных,Покупка в Снятие наличных
TX000113,2025-10-16,3391.66,RUB,food,Магнит,Покупка в Магнит
TX000347,2025-10-16,950.07,RUB,entertainment,Wink,Покупка в Wink
TX000579,2025-10-16,13011.78,RUB,shopping,DNS,Покупка в DNS
TX000574,2025-10-17,1400.76,RUB,transport,СитиМобил,Покупка в СитиМобил
TX000600,2025-10-17,490.69,RUB,entertainment,Театр.ру,Покупка в Театр.ру
TX000678,2025-10-17,3633.13,RUB,food,ВкусВилл,Покупка в ВкусВилл
TX000738,2025-10-18,19020.48,RUB,shopping,Lamoda,Покупка в Lamoda
TX000254,2025-10-19,950.77,RUB,transport,Яндекс.Такси,Покупка в Яндекс.Такси
TX000320,2025-10-19,2028.81,RUB,transport,Метро,Покупка в Метро
TX000622,2025-10-19,2627.52,RUB,food,ВкусВилл,Покупка в ВкусВилл
TX000709,2025-10-19,761.35,RUB,food,Перекрёсток,Покупка в Перекрёсток
TX000975,2025-10-19,1647.97,RUB,transport,Яндекс.Такси,Покупка в Яндекс.Такси
TX000283,2025-10-20,4147.6,RUB,food,Магнит,Покупка в Магнит
TX000815,2025-10-20,4354.66,RUB,utilities,Интернет-провайдер,Покупка в Интернет-провайдер
TX000078,2025-10-21,5335.99,RUB,utilities,ЖКУ,Покупка в ЖКУ
TX000610,2025-10-21,27472.75,RUB,shopping,Lamoda,Покупка в Lamoda
TX000504,2025-10-22,3318.27,RUB,entertainment,Wink,Покупка в Wink
TX000740,2025-10-22,906.85,RUB,transport,АЗС Газпром,Покупка в АЗС Газпром
TX000759,2025-10-22,695.37,RUB,food,Пятёрочка,Покупка в Пятёрочка
TX000806,2025-10-22,2167.9,RUB,health,Медицина,Покупка в Медицина
TX000275,2025-10-23,3975.26,RUB,food,ВкусВилл,Покупка в ВкусВилл
TX000012,2025-10-25,7117.98,RUB,health,Медицина,Покупка в Медицина
TX000039,2025-10-25,424.42,RUB,transport,Яндекс.Такси,Покупка в Яндекс.Такси
TX000385,2025-10-25,2232.35,RUB,food,Азбука Вкуса,Покупка в Азбука Вкуса
TX000418,2025-10-26,15942.79,RUB,shopping,Wildberries,Покупка в Wildberries
TX000751,2025-10-26,370.69,RUB,transport,Метро,Покупка в Метро
TX000714,2025-10-27,1896.29,RUB,transport,СитиМобил,Покупка в СитиМобил
TX000846,2025-10-27,6320.75,RUB,health,СМ-Клиника,Покупка в СМ-Клиника
TX000648,2025-10-28,4077.65,RUB,health,СМ-Клиника,Покупка в СМ-Клиника
TX000054,2025-10-29,3363.12,RUB,food,Пятёрочка,Покупка в Пятёрочка
TX000179,2025-10-30,1696.13,RUB,transport,АЗС Газпром,Покупка в АЗС Газпром
TX000269,2025-10-30,4974.4,RUB,health,Аптека 36.6,Покупка в Аптека 36.6
TX000439,2025-10-30,222.83,RUB,transport,СитиМобил,Покупка в СитиМобил
TX000617,2025-10-30,5462.89,RUB,shopping,Спортмастер,Покупка в Спортмастер
TX000333,2025-10-31,27685.36,RUB,shopping,Lamoda,Покупка в Lamoda
TX000380,2025-10-31,878.86,RUB,food,Азбука Вкуса,Покупка в Азбука Вкуса
TX000358,2025-11-01,1130.74,RUB,food,Лента,Покупка в Лента
TX000692,2025-11-01,1611.23,RUB,transport,Uber,Покупка в Uber
TX000725,2025-11-01,2973.53,RUB,utilities,ЖКУ,Покупка в ЖКУ
TX000161,2025-11-02,6326.29,RUB,health,Медицина,Покупка в Медицина
TX000644,2025-11-02,22490.97,RUB,shopping,DNS,Покупка в DNS
TX000874,2025-11-02,573.47,RUB,food,Азбука Вкуса,Покупка в Азбука Вкуса
TX000009,2025-11-03,664.24,RUB,food,Магнит,Покупка в Магнит
TX000237,2025-11-03,3462.19,RUB,utilities,Интернет-провайдер,Покупка в Интернет-провайдер
TX000261,2025-11-03,1934.4,RUB,entertainment,Кинопоиск,Покупка в Кинопоиск
TX000917,2025-11-03,6979.56,RUB,health,Здоровье плюс,Покупка в Здоровье плюс
TX000956,2025-11-04,24572.43,RUB,shopping,DNS,Покупка в DNS
TX000007,2025-11-05,21095.11,RUB,shopping,Ozon,Покупка в Ozon
TX000189,2025-11-05,14622.07,RUB,shopping,Спортмастер,Покупка в Спортмастер
TX000496,2025-11-06,2090.74,RUB,food,Пятёрочка,Покупка в Пятёрочка
TX000008,2025-11-07,4794.62,RUB,food,ВкусВилл,Покупка в ВкусВилл
TX000148,2025-11-07,1418.63,RUB,transport,Uber,Покупка в Uber
TX000615,2025-11-07,3790.82,RUB,entertainment,Ресторан,Покупка в Ресторан
TX000119,2025-11-08,3238.12,RUB,food,Азбука Вкуса,Покупка в Азбука Вкуса
TX000810,2025-11-08,2643.88,RUB,transport,АЗС Газпром,Покупка в АЗС Газпром
TX000961,2025-11-08,28434.24,RUB,shopping,Ozon,Покупка в Ozon
TX000096,2025-11-09,1486.48,RUB,utilities,ЖКУ,Покупка в ЖКУ
TX000379,2025-11-09,8745.47,RUB,other,Подписка,Покупка в Подписка
TX000423,2025-11-09,22188.02,RUB,shopping,DNS,Покупка в DNS
TX000603,2025-11-09,4373.47,RUB,food,ВкусВилл,Покупка в ВкусВилл
TX000050,2025-11-10,4546.02,RUB,food,Пятёрочка,Покупка в Пятёрочка
TX000431,2025-11-10,4355.83,RUB,food,Пятёрочка,Покупка в Пятёрочка
TX000837,2025-11-10,366.74,RUB,transport,Uber,Покупка в Uber
TX000921,2025-11-10,2679.77,RUB,transport,СитиМобил,Покупка в СитиМобил
TX000314,2025-11-13,16676.51,RUB,shopping,DNS,Покупка в DNS
TX000337,2025-11-13,1669.2,RUB,entertainment,Театр.ру,Покупка в Театр.ру
TX000352,2025-11-13,1274.59,RUB,transport,Яндекс.Такси,Покупка в Яндекс.Такси
TX000912,2025-11-13,2107.3,RUB,food,Лента,Покупка в Лента
TX000220,2025-11-14,1709.68,RUB,food,Пятёрочка,Покупка в Пятёрочка
TX000861,2025-11-14,5820.42,RUB,health,Здоровье плюс,Покупка в Здоровье плюс
TX000116,2025-11-15,1859.32,RUB,transport,АЗС Лукойл,Покупка в АЗС Лукойл
TX000238,2025-11-15,1193.91,RUB,transport,АЗС Лукойл,Покупка в АЗС Лукойл
TX000370,2025-11-15,1990.33,RUB,transport,АЗС Лукойл,Покупка в АЗС Лукойл
TX000436,2025-11-15,1681.88,RUB,transport,Uber,Покупка в Uber
TX000668,2025-11-15,1348.16,RUB,health,Медицина,Покупка в Медицина
TX000134,2025-11-16,8515.6,RUB,shopping,Ozon,Покупка в Ozon
TX000406,2025-11-16,2322.93,RUB,other,Снятие наличных,Покупка в Снятие наличных
TX000479,2025-11-16,1006.49,RUB,transport,Uber,Покупка в Uber
TX000481,2025-11-16,17068.71,RUB,shopping,DNS,Покупка в DNS
TX000800,2025-11-16,2198.03,RUB,food,ВкусВилл,Покупка в ВкусВилл
TX000774,2025-11-17,5927.85,RUB,utilities,ЖКУ,Покупка в ЖКУ
TX000072,2025-11-18,1739.16,RUB,transport,АЗС Лукойл,Покупка в АЗС Лукойл
TX000428,2025-11-18,4451.79,RUB,food,ВкусВилл,Покупка в ВкусВилл
TX000639,2025-11-18,27898.61,RUB,shopping,Ozon,Покупка в Ozon
TX000766,2025-11-18,28915.84,RUB,shopping,Lamoda,Покупка в Lamoda
TX000073,2025-11-19,4183.49,RUB,utilities,Мосэнергосбыт,Покупка в Мосэнергосбыт
TX000105,2025-11-19,2285.91,RUB,food,Лента,Покупка в Лента
TX000350,2025-11-19,2771.37,RUB,transport,СитиМобил,Покупка в СитиМобил
TX000447,2025-11-19,11325.02,RUB,shopping,DNS,Покупка в DNS
TX000669,2025-11-19,6425.12,RUB,shopping,М.Видео,Покупка в М.Видео
TX000708,2025-11-19,4196.61,RUB,utilities,ЖКУ,Покупка в ЖКУ
TX000970,2025-11-19,3950.57,RUB,entertainment,Ресторан,Покупка в Ресторан
TX000045,2025-11-20,6433.96,RUB,shopping,М.Видео,Покупка в М.Видео
TX000157,2025-11-20,5828.98,RUB,other,Перевод,Покупка в Перевод
TX000691,2025-11-20,880.04,RUB,food,Азбука Вкуса,Покупка в Азбука Вкуса
TX000272,2025-11-21,19567.05,RUB,shopping,М.Видео,Покупка в М.Видео
TX000366,2025-11-21,15466.44,RUB,shopping,Lamoda,Покупка в Lamoda
TX000382,2025-11-21,4702.41,RUB,food,Азбука Вкуса,Покупка в Азбука Вкуса
TX000781,2025-11-21,1326.63,RUB,entertainment,Театр.ру,Покупка в Театр.ру
TX000091,2025-11-22,771.55,RUB,entertainment,Wink,Покупка в Wink
TX000343,2025-11-22,16044.56,RUB,shopping,Спортмастер,Покупка в Спортмастер
TX000567,2025-11-22,3429.29,RUB,food,Магнит,Покупка в Магнит
TX000811,2025-11-22,2006.12,RUB,food,Азбука Вкуса,Покупка в Азбука Вкуса
TX000962,2025-11-22,10980.86,RUB,shopping,Ozon,Покупка в Ozon
TX000177,2025-11-23,3520.58,RUB,food,Магнит,Покупка в Магнит
TX000196,2025-11-23,4952.15,RUB,food,Лента,Покупка в Лента
TX000437,2025-11-23,3372.41,RUB,food,Перекрёсток,Покупка в Перекрёсток
TX000943,2025-11-23,2243.41,RUB,health,Аптека 36.6,Покупка в Аптека 36.6
TX000923,2025-11-24,2358.26,RUB,utilities,ЖКУ,Покупка в ЖКУ
TX000114,2025-11-25,18657.69,RUB,shopping,Ozon,Покупка в Ozon
TX000550,2025-11-25,4779.37,RUB,food,Перекрёсток,Покупка в Перекрёсток
TX000661,2025-11-25,4595.78,RUB,shopping,Ozon,Покупка в Ozon
TX000455,2025-11-26,1593.74,RUB,food,Лента,Покупка в Лента
TX000140,2025-11-27,2833.95,RUB,transport,Яндекс.Такси,Покупка в Яндекс.Такси
TX000235,2025-11-27,1557.63,RUB,food,Пятёрочка,Покупка в Пятёрочка
TX000707,2025-11-27,3588.74,RUB,food,Азбука Вкуса,Покупка в Азбука Вкуса
TX000724,2025-11-27,3806.46,RUB,food,Азбука Вкуса,Покупка в Азбука Вкуса
TX000966,2025-11-27,1712.18,RUB,entertainment,Ресторан,Покупка в Ресторан
TX000065,2025-11-28,5066.51,RUB,shopping,Спортмастер,Покупка в Спортмастер
TX000184,2025-11-28,25062.54,RUB,shopping,Wildberries,Покупка в Wildberries
TX000277,2025-11-28,5820.61,RUB,utilities,Интернет-провайдер,Покупка в Интернет-провайдер
TX000545,2025-11-28,22230.23,RUB,shopping,Wildberries,Покупка в Wildberries
TX000954,2025-11-28,3345.92,RUB,food,Пятёрочка,Покупка в Пятёрочка
TX000997,2025-11-28,7064.02,RUB,other,Снятие наличных,Покупка в Снятие наличных
TX000011,2025-11-29,578.24,RUB,food,Магнит,Покупка в Магнит
TX000670,2025-11-30,4849.88,RUB,food,Магнит,Покупка в Магнит
TX000675,2025-11-30,2911.5,RUB,utilities,Мосэнергосбыт,Покупка в Мосэнергосбыт
TX000539,2025-12-01,7511.89,RUB,health,Аптека 36.6,Покупка в Аптека 36.6
TX000586,2025-12-01,818.5,RUB,entertainment,Кинопоиск,Покупка в Кинопоиск
TX000201,2025-12-02,1462.88,RUB,shopping,Lamoda,Покупка в Lamoda
TX000250,2025-12-02,19119.25,RUB,shopping,Ozon,Покупка в Ozon
TX000524,2025-12-02,2536.49,RUB,health,Аптека 36.6,Покупка в Аптека 36.6
TX000719,2025-12-02,1279.25,RUB,food,Перекрёсток,Покупка в Перекрёсток
TX000268,2025-12-03,5080.61,RUB,utilities,Интернет-провайдер,Покупка в Интернет-провайдер
TX000367,2025-12-03,510.49,RUB,entertainment,Кинопоиск,Покупка в Кинопоиск
TX000490,2025-12-03,20339.36,RUB,shopping,М.Видео,Покупка в М.Видео
TX000401,2025-12-04,25609.4,RUB,shopping,DNS,Покупка в DNS
TX000745,2025-12-04,2367.73,RUB,health,СМ-Клиника,Покупка в СМ-Клиника
TX000292,2025-12-06,18661.74,RUB,shopping,Спортмастер,Покупка в Спортмастер
TX000730,2025-12-06,3001.28,RUB,health,Медицина,Покупка в Медицина
TX000849,2025-12-06,184.98,RUB,transport,Uber,Покупка в Uber
TX000058,2025-12-07,1860.96,RUB,entertainment,Театр.ру,Покупка в Театр.ру
TX000329,2025-12-07,1165.93,RUB,transport,АЗС Лукойл,Покупка в АЗС Лукойл
TX000233,2025-12-08,3496.9,RUB,entertainment,Театр.ру,Покупка в Театр.ру
TX000734,2025-12-08,9195.81,RUB,other,Снятие наличных,Покупка в Снятие наличных
TX000919,2025-12-08,1605.24,RUB,shopping,Спортмастер,Покупка в Спортмастер
TX000950,2025-12-08,3274.85,RUB,food,Перекрёсток,Покупка в Перекрёсток
TX000313,2025-12-09,290.48,RUB,transport,Uber,Покупка в Uber
TX000365,2025-12-09,3230.65,RUB,food,Магнит,Покупка в Магнит
TX000468,2025-12-09,4790.49,RUB,food,Азбука Вкуса,Покупка в Азбука Вкуса
TX000625,2025-12-09,361.89,RUB,entertainment,Кинопоиск,Покупка в Кинопоиск
TX000142,2025-12-10,4059.37,RUB,health,Аптека 36.6,Покупка в Аптека 36.6
TX000332,2025-12-10,659.24,RUB,utilities,Мобильный оператор,Покупка в Мобильный оператор
TX000647,2025-12-10,393.29,RUB,other,Снятие наличных,Покупка в Снятие наличных
TX000654,2025-12-11,2334.73,RUB,food,Перекрёсток,Покупка в Перекрёсток
TX000721,2025-12-12,2419.04,RUB,entertainment,Кинопоиск,Покупка в Кинопоиск
TX000790,2025-12-12,3798.93,RUB,food,ВкусВилл,Покупка в ВкусВилл
TX000922,2025-12-12,22499.62,RUB,shopping,Wildberries,Покупка в Wildberries
TX000940,2025-12-12,4227.32,RUB,utilities,Мосэнергосбыт,Покупка в Мосэнергосбыт
TX000024,2025-12-14,1430.67,RUB,transport,АЗС Газпром,Покупка в АЗС Газпром
TX000104,2025-12-14,1057.13,RUB,food,Перекрёсток,Покупка в Перекрёсток
TX000198,2025-12-14,3940.33,RUB,utilities,Мосэнергосбыт,Покупка в Мосэнергосбыт
TX000246,2025-12-14,4747.96,RUB,other,Перевод,Покупка в Перевод
TX000473,2025-12-14,3900.91,RUB,food,Азбука Вкуса,Покупка в Азбука Вкуса
TX000491,2025-12-14,1894.43,RUB,entertainment,Кинопоиск,Покупка в Кинопоиск
TX000876,2025-12-14,3739.05,RUB,health,Здоровье плюс,Покупка в Здоровье плюс
TX000025,2025-12-15,2894.57,RUB,food,Азбука Вкуса,Покупка в Азбука Вкуса
TX000034,2025-12-15,4404.09,RUB,food,Азбука Вкуса,Покупка в Азбука Вкуса
TX000087,2025-12-15,3258.14,RUB,food,ВкусВилл,Покупка в ВкусВилл
TX000147,2025-12-16,1072.3,RUB,food,Магнит,Покупка в Магнит
TX000789,2025-12-17,2710.43,RUB,food,Перекрёсток,Покупка в Перекрёсток
TX000937,2025-12-17,10655.35,RUB,shopping,Lamoda,Покупка в Lamoda
TX000276,2025-12-18,3372.75,RUB,entertainment,Okko,Покупка в Okko
TX000544,2025-12-18,1430.85,RUB,transport,АЗС Газпром,Покупка в АЗС Газпром
TX000877,2025-12-18,525.41,RUB,food,Азбука Вкуса,Покупка в Азбука Вкуса
TX000990,2025-12-20,458.43,RUB,transport,СитиМобил,Покупка в СитиМобил
TX000097,2025-12-22,6477.21,RUB,health,СМ-Клиника,Покупка в СМ-Клиника
TX000193,2025-12-22,955.89,RUB,health,Здоровье плюс,Покупка в Здоровье плюс
TX000682,2025-12-22,3726.4,RUB,shopping,Wildberries,Покупка в Wildberries
TX000932,2025-12-22,4217.49,RUB,food,ВкусВилл,Покупка в ВкусВилл
TX000977,2025-12-22,219.79,RUB,food,Азбука Вкуса,Покупка в Азбука Вкуса
TX000131,2025-12-23,13777.06,RUB,shopping,Спортмастер,Покупка в Спортмастер
TX000152,2025-12-23,6107.6,RUB,health,Аптека Ригла,Покупка в Аптека Ригла
TX000482,2025-12-23,1483.86,RUB,food,Пятёрочка,Покупка в Пятёрочка
TX000736,2025-12-23,1746.06,RUB,food,Азбука Вкуса,Покупка в Азбука Вкуса
TX000001,2025-12-24,22375.74,RUB,shopping,Wildberries,Покупка в Wildberries
TX000018,2025-12-24,1021.47,RUB,food,Азбука Вкуса,Покупка в Азбука Вкуса
TX000121,2025-12-24,488.08,RUB,health,Аптека 36.6,Покупка в Аптека 36.6
TX000614,2025-12-24,1752.39,RUB,transport,СитиМобил,Покупка в СитиМобил
TX000808,2025-12-24,22934.23,RUB,shopping,DNS,Покупка в DNS
TX000159,2025-12-25,4186.74,RUB,food,Азбука Вкуса,Покупка в Азбука Вкуса
TX000231,2025-12-25,4905.17,RUB,food,Магнит,Покупка в Магнит
TX000298,2025-12-25,7889.27,RUB,other,Перевод,Покупка в Перевод
TX000630,2025-12-25,2403.19,RUB,food,Магнит,Покупка в Магнит
TX000040,2025-12-26,1816.99,RUB,utilities,Мобильный оператор,Покупка в Мобильный оператор
TX000257,2025-12-26,18781.46,RUB,shopping,Спортмастер,Покупка в Спортмастер
TX000677,2025-12-26,19183.41,RUB,shopping,Ozon,Покупка в Ozon
TX000935,2025-12-26,2075.41,RUB,transport,Яндекс.Такси,Покупка в Яндекс.Такси
TX000952,2025-12-26,2683.01,RUB,food,ВкусВилл,Покупка в ВкусВилл
TX000153,2025-12-27,3182.41,RUB,food,Пятёрочка,Покупка в Пятёрочка
TX000606,2025-12-27,2681.48,RUB,utilities,Мосэнергосбыт,Покупка в Мосэнергосбыт
TX000304,2025-12-28,3991.93,RUB,food,Перекрёсток,Покупка в Перекрёсток
TX000457,2025-12-28,4001.92,RUB,food,ВкусВилл,Покупка в ВкусВилл
TX000588,2025-12-28,24642.28,RUB,shopping,М.Видео,Покупка в М.Видео
TX000359,2025-12-29,2463.61,RUB,transport,АЗС Газпром,Покупка в АЗС Газпром
TX000904,2025-12-29,17395.07,RUB,shopping,Спортмастер,Покупка в Спортмастер
TX000014,2025-12-30,4929.06,RUB,food,Перекрёсток,Покупка в Перекрёсток
TX000239,2025-12-30,3644.89,RUB,utilities,Мосэнергосбыт,Покупка в Мосэнергосбыт
TX000300,2025-12-30,4102.65,RUB,food,ВкусВилл,Покупка в ВкусВилл
TX000585,2025-12-30,2130.87,RUB,food,Пятёрочка,Покупка в Пятёрочка
TX000135,2025-12-31,1261.06,RUB,utilities,ЖКУ,Покупка в ЖКУ
TX000180,2025-12-31,9545.38,RUB,shopping,Lamoda,Покупка в Lamoda
TX000535,2025-12-31,3331.03,RUB,food,Пятёрочка,Покупка в Пятёрочка
TX000814,2025-12-31,1795.06,RUB,shopping,Wildberries,Покупка в Wildberries
TX000048,2026-01-01,3023.88,RUB,food,Пятёрочка,Покупка в Пятёрочка
TX000318,2026-01-02,13187.06,RUB,shopping,Ozon,Покупка в Ozon
TX000047,2026-01-03,1165.52,RUB,utilities,Интернет-провайдер,Покупка в Интернет-провайдер
TX000120,2026-01-03,3429.42,RUB,food,ВкусВилл,Покупка в ВкусВилл
TX000279,2026-01-03,7566.1,RUB,other,Перевод,Покупка в Перевод
TX000519,2026-01-03,5625.06,RUB,other,Снятие наличных,Покупка в Снятие наличных
TX000899,2026-01-03,2432.28,RUB,food,Магнит,Покупка в Магнит
TX000577,2026-01-04,2210.79,RUB,transport,Uber,Покупка в Uber
TX000868,2026-01-04,23716.26,RUB,shopping,DNS,Покупка в DNS
TX000285,2026-01-05,5533.91,RUB,utilities,Мобильный оператор,Покупка в Мобильный оператор
TX000356,2026-01-05,2262.83,RUB,transport,Метро,Покупка в Метро
TX000403,2026-01-05,640.23,RUB,food,Магнит,Покупка в Магнит
TX000555,2026-01-05,2521.49,RUB,utilities,Мобильный оператор,Покупка в Мобильный оператор
TX000611,2026-01-05,1731.32,RUB,transport,Яндекс.Такси,Покупка в Яндекс.Такси
TX000125,2026-01-06,23463.4,RUB,shopping,Wildberries,Покупка в Wildberries
TX000718,2026-01-06,2391.97,RUB,entertainment,Кинопоиск,Покупка в Кинопоиск
TX000154,2026-01-07,749.07,RUB,food,Азбука Вкуса,Покупка в Азбука Вкуса
TX000945,2026-01-07,3024.49,RUB,utilities,Мобильный оператор,Покупка в Мобильный оператор
TX000182,2026-01-08,1932.98,RUB,other,Подписка,Покупка в Подписка
TX000488,2026-01-08,5816.78,RUB,utilities,Интернет-провайдер,Покупка в Интернет-провайдер
TX000777,2026-01-08,266.21,RUB,food,Пятёрочка,Покупка в Пятёрочка
TX000386,2026-01-09,1065.26,RUB,food,Перекрёсток,Покупка в Перекрёсток
TX000450,2026-01-09,3579.38,RUB,food,Перекрёсток,Покупка в Перекрёсток
TX000840,2026-01-09,601.14,RUB,transport,СитиМобил,Покупка в СитиМобил
TX000939,2026-01-09,2576.08,RUB,transport,Uber,Покупка в Uber
TX000171,2026-01-10,972.81,RUB,entertainment,Okko,Покупка в Okko
TX000327,2026-01-10,1775.96,RUB,transport,Яндекс.Такси,Покупка в Яндекс.Такси
TX000927,2026-01-10,6044.1,RUB,shopping,Wildberries,Покупка в Wildberries
TX000016,2026-01-11,3150.39,RUB,health,Аптека 36.6,Покупка в Аптека 36.6
TX000092,2026-01-11,2706.88,RUB,transport,Яндекс.Такси,Покупка в Яндекс.Такси
TX000115,2026-01-11,981.24,RUB,transport,Яндекс.Такси,Покупка в Яндекс.Такси
TX000971,2026-01-11,13835.57,RUB,shopping,Wildberries,Покупка в Wildberries
TX000998,2026-01-12,2582.5,RUB,food,Лента,Покупка в Лента
TX000729,2026-01-13,3967.28,RUB,food,ВкусВилл,Покупка в ВкусВилл
TX000478,2026-01-14,2524.41,RUB,food,Магнит,Покупка в Магнит
TX000427,2026-01-15,1591.02,RUB,shopping,Спортмастер,Покупка в Спортмастер
TX000526,2026-01-15,14632.84,RUB,shopping,М.Видео,Покупка в М.Видео
TX000562,2026-01-15,4533.86,RUB,food,Лента,Покупка в Лента
TX000860,2026-01-15,3696.22,RUB,entertainment,Okko,Покупка в Okko
TX000398,2026-01-16,3875.19,RUB,entertainment,Wink,Покупка в Wink
TX000533,2026-01-16,1484.6,RUB,transport,СитиМобил,Покупка в СитиМобил
TX000967,2026-01-16,498.36,RUB,transport,Uber,Покупка в Uber
TX000158,2026-01-17,12201.31,RUB,shopping,Спортмастер,Покупка в Спортмастер
TX000263,2026-01-17,25436.47,RUB,shopping,Спортмастер,Покупка в Спортмастер
TX000497,2026-01-17,3093.37,RUB,entertainment,Okko,Покупка в Okko
TX000613,2026-01-18,9208.17,RUB,shopping,Спортмастер,Покупка в Спортмастер
TX000807,2026-01-18,29934.72,RUB,shopping,Спортмастер,Покупка в Спортмастер
TX000965,2026-01-19,2600.86,RUB,shopping,DNS,Покупка в DNS
TX000518,2026-01-20,4997.59,RUB,health,Здоровье плюс,Покупка в Здоровье плюс
TX000908,2026-01-20,4866.39,RUB,food,ВкусВилл,Покупка в ВкусВилл
TX000057,2026-01-21,7835.36,RUB,shopping,Wildberries,Покупка в Wildberries
TX000430,2026-01-21,3087.18,RUB,entertainment,Кинопоиск,Покупка в Кинопоиск
TX000485,2026-01-21,5852.69,RUB,health,Медицина,Покупка в Медицина
TX000604,2026-01-21,714.24,RUB,transport,Яндекс.Такси,Покупка в Яндекс.Такси
TX000888,2026-01-21,1789.25,RUB,food,Пятёрочка,Покупка в Пятёрочка
TX000417,2026-01-23,17334.58,RUB,shopping,Ozon,Покупка в Ozon
TX000433,2026-01-23,10501.58,RUB,shopping,Спортмастер,Покупка в Спортмастер
TX000698,2026-01-23,3222.85,RUB,food,Магнит,Покупка в Магнит
TX000713,2026-01-23,1368.69,RUB,entertainment,Wink,Покупка в Wink
TX000618,2026-01-24,2823.42,RUB,food,Азбука Вкуса,Покупка в Азбука Вкуса
TX000897,2026-01-24,2811.8,RUB,food,Азбука Вкуса,Покупка в Азбука Вкуса
TX000391,2026-01-26,940.41,RUB,food,Магнит,Покупка в Магнит
TX000095,2026-01-28,5255.33,RUB,utilities,Мосэнергосбыт,Покупка в Мосэнергосбыт
TX000537,2026-01-28,2798.37,RUB,utilities,Мосэнергосбыт,Покупка в Мосэнергосбыт
TX000787,2026-01-29,3760.13,RUB,food,Азбука Вкуса,Покупка в Азбука Вкуса
TX000829,2026-01-29,24692.64,RUB,shopping,Lamoda,Покупка в Lamoda
TX000712,2026-01-30,27615.25,RUB,shopping,М.Видео,Покупка в М.Видео
TX000958,2026-01-31,4206.32,RUB,health,Здоровье плюс,Покупка в Здоровье плюс
TX000660,2026-02-01,3645.78,RUB,utilities,Мосэнергосбыт,Покупка в Мосэнергосбыт
TX000985,2026-02-01,3030.53,RUB,food,Пятёрочка,Покупка в Пятёрочка
TX000155,2026-02-02,3137.52,RUB,entertainment,Okko,Покупка в Okko
TX000062,2026-02-03,3639.04,RUB,entertainment,Wink,Покупка в Wink
TX000392,2026-02-03,6529.64,RUB,health,Медицина,Покупка в Медицина
TX000156,2026-02-04,21691.54,RUB,shopping,М.Видео,Покупка в М.Видео
TX000037,2026-02-05,11530.46,RUB,shopping,Ozon,Покупка в Ozon
TX000884,2026-02-05,4462.07,RUB,food,ВкусВилл,Покупка в ВкусВилл
TX000028,2026-02-06,5008.82,RUB,shopping,Wildberries,Покупка в Wildberries
TX000130,2026-02-06,3733.53,RUB,health,Медицина,Покупка в Медицина
TX000484,2026-02-06,1865.49,RUB,utilities,Интернет-провайдер,Покупка в Интернет-провайдер
TX000929,2026-02-06,3333.98,RUB,utilities,ЖКУ,Покупка в ЖКУ
TX000972,2026-02-06,17500.23,RUB,shopping,Ozon,Покупка в Ozon
TX000532,2026-02-07,4893.97,RUB,food,Лента,Покупка в Лента
TX000748,2026-02-07,425.37,RUB,health,СМ-Клиника,Покупка в СМ-Клиника
TX000865,2026-02-07,495.71,RUB,transport,Метро,Покупка в Метро
TX000094,2026-02-08,5856.1,RUB,utilities,Интернет-провайдер,Покупка в Интернет-провайдер
TX000580,2026-02-08,3846.81,RUB,health,Аптека 36.6,Покупка в Аптека 36.6
TX000782,2026-02-08,4876.7,RUB,food,ВкусВилл,Покупка в ВкусВилл
TX000229,2026-02-09,2696.53,RUB,entertainment,Кинопоиск,Покупка в Кинопоиск
TX000512,2026-02-10,1705.72,RUB,food,Магнит,Покупка в Магнит
TX000763,2026-02-10,1921.43,RUB,transport,Uber,Покупка в Uber
TX000192,2026-02-11,2081.47,RUB,shopping,М.Видео,Покупка в М.Видео
TX000410,2026-02-11,1907.58,RUB,utilities,ЖКУ,Покупка в ЖКУ
TX000841,2026-02-11,2039.2,RUB,utilities,Мобильный оператор,Покупка в Мобильный оператор
TX000442,2026-02-14,7636.48,RUB,health,Аптека 36.6,Покупка в Аптека 36.6
TX000205,2026-02-15,4560.37,RUB,food,ВкусВилл,Покупка в ВкусВилл
TX000737,2026-02-15,12084.67,RUB,shopping,М.Видео,Покупка в М.Видео
TX000813,2026-02-15,3898.47,RUB,entertainment,Кинопоиск,Покупка в Кинопоиск
TX000862,2026-02-15,3015.72,RUB,food,ВкусВилл,Покупка в ВкусВилл
TX000408,2026-02-16,3541.15,RUB,food,Магнит,Покупка в Магнит
TX000548,2026-02-16,635.87,RUB,transport,Яндекс.Такси,Покупка в Яндекс.Такси
TX000271,2026-02-17,20585.23,RUB,shopping,М.Видео,Покупка в М.Видео
TX000345,2026-02-17,4737.56,RUB,food,Перекрёсток,Покупка в Перекрёсток
TX000387,2026-02-17,656.82,RUB,transport,СитиМобил,Покупка в СитиМобил
TX000407,2026-02-17,4852.59,RUB,utilities,Мобильный оператор,Покупка в Мобильный оператор
TX000531,2026-02-17,391.58,RUB,transport,СитиМобил,Покупка в СитиМобил
TX000572,2026-02-18,1063.91,RUB,food,Магнит,Покупка в Магнит
TX000665,2026-02-18,14006.92,RUB,shopping,Ozon,Покупка в Ozon
TX000733,2026-02-18,8170.29,RUB,other,Подписка,Покупка в Подписка
TX000821,2026-02-18,4729.06,RUB,food,Пятёрочка,Покупка в Пятёрочка
TX000930,2026-02-18,2632.62,RUB,food,Азбука Вкуса,Покупка в Азбука Вкуса
TX000542,2026-02-19,3590.26,RUB,entertainment,Wink,Покупка в Wink
TX000597,2026-02-19,1716.13,RUB,transport,СитиМобил,Покупка в СитиМобил
TX000760,2026-02-19,2604.97,RUB,utilities,Мосэнергосбыт,Покупка в Мосэнергосбыт
TX000077,2026-02-20,2628.25,RUB,food,ВкусВилл,Покупка в ВкусВилл
TX000273,2026-02-20,4762.72,RUB,health,Аптека Ригла,Покупка в Аптека Ригла
TX000735,2026-02-20,4357.85,RUB,utilities,Мосэнергосбыт,Покупка в Мосэнергосбыт
TX000755,2026-02-20,2488.67,RUB,food,ВкусВилл,Покупка в ВкусВилл
TX000984,2026-02-20,3690.41,RUB,food,ВкусВилл,Покупка в ВкусВилл
TX000464,2026-02-21,23149.56,RUB,shopping,Ozon,Покупка в Ozon
TX000480,2026-02-21,29273.54,RUB,shopping,Lamoda,Покупка в Lamoda
TX000818,2026-02-21,13331.99,RUB,shopping,Wildberries,Покупка в Wildberries
TX000042,2026-02-22,6196.93,RUB,health,Медицина,Покупка в Медицина
TX000383,2026-02-22,3229.15,RUB,entertainment,Ресторан,Покупка в Ресторан
TX000110,2026-02-24,4148.63,RUB,utilities,Мобильный оператор,Покупка в Мобильный оператор
TX000412,2026-02-25,1340.67,RUB,food,Перекрёсток,Покупка в Перекрёсток
TX000522,2026-02-25,893.03,RUB,transport,АЗС Газпром,Покупка в АЗС Газпром
TX000801,2026-02-26,2943.37,RUB,food,Пятёрочка,Покупка в Пятёрочка
TX000823,2026-02-26,1707.36,RUB,food,Магнит,Покупка в Магнит
TX000495,2026-02-27,3465.91,RUB,food,Лента,Покупка в Лента
TX000552,2026-02-27,280.16,RUB,transport,Uber,Покупка в Uber
TX000726,2026-02-27,2914.88,RUB,utilities,ЖКУ,Покупка в ЖКУ
TX000288,2026-02-28,5977.6,RUB,utilities,Мобильный оператор,Покупка в Мобильный оператор
TX000895,2026-02-28,2473.14,RUB,food,Пятёрочка,Покупка в Пятёрочка
TX000989,2026-02-28,431.53,RUB,food,Пятёрочка,Покупка в Пятёрочка
TX000031,2026-03-01,4241.56,RUB,utilities,ЖКУ,Покупка в ЖКУ
TX000228,2026-03-01,1131.39,RUB,entertainment,Кинопоиск,Покупка в Кинопоиск
TX000703,2026-03-01,1145.96,RUB,food,Перекрёсток,Покупка в Перекрёсток
TX000543,2026-03-02,2000.6,RUB,utilities,Интернет-провайдер,Покупка в Интернет-провайдер
TX000561,2026-03-02,27558.72,RUB,shopping,Wildberries,Покупка в Wildberries
TX000772,2026-03-02,4110.64,RUB,health,Аптека 36.6,Покупка в Аптека 36.6
TX000511,2026-03-03,4751.38,RUB,food,Лента,Покупка в Лента
TX000307,2026-03-04,2198.98,RUB,entertainment,Okko,Покупка в Okko
TX000328,2026-03-04,1276.38,RUB,food,Магнит,Покупка в Магнит
TX000035,2026-03-05,5126.05,RUB,other,Перевод,Покупка в Перевод
TX000082,2026-03-05,1954.56,RUB,utilities,Мосэнергосбыт,Покупка в Мосэнергосбыт
TX000354,2026-03-05,2901.91,RUB,utilities,ЖКУ,Покупка в ЖКУ
TX000653,2026-03-05,1720.06,RUB,food,Магнит,Покупка в Магнит
TX000822,2026-03-05,1139.09,RUB,health,Медицина,Покупка в Медицина
TX000081,2026-03-06,7474.52,RUB,health,Здоровье плюс,Покупка в Здоровье плюс
TX000217,2026-03-06,1031.07,RUB,transport,Метро,Покупка в Метро
TX000883,2026-03-06,1453.41,RUB,food,Перекрёсток,Покупка в Перекрёсток
TX000400,2026-03-07,16858.95,RUB,shopping,Lamoda,Покупка в Lamoda
TX000795,2026-03-07,1424.56,RUB,food,ВкусВилл,Покупка в ВкусВилл
TX000831,2026-03-07,3294.4,RUB,shopping,Ozon,Покупка в Ozon
TX000978,2026-03-07,1698.04,RUB,food,Перекрёсток,Покупка в Перекрёсток
TX000076,2026-03-08,4992.58,RUB,food,Лента,Покупка в Лента
TX000243,2026-03-08,1793.57,RUB,food,Лента,Покупка в Лента
TX000388,2026-03-08,4253.26,RUB,food,Перекрёсток,Покупка в Перекрёсток
TX000864,2026-03-08,1247.23,RUB,transport,АЗС Газпром,Покупка в АЗС Газпром
TX000880,2026-03-08,3503.13,RUB,utilities,Мобильный оператор,Покупка в Мобильный оператор
TX000992,2026-03-08,12915.71,RUB,shopping,Lamoda,Покупка в Lamoda
TX000197,2026-03-09,2555.63,RUB,entertainment,Кинопоиск,Покупка в Кинопоиск
TX000251,2026-03-09,994.76,RUB,other,Подписка,Покупка в Подписка
TX000322,2026-03-10,647.5,RUB,food,Пятёрочка,Покупка в Пятёрочка
TX000627,2026-03-10,3656.98,RUB,shopping,Ozon,Покупка в Ozon
TX000890,2026-03-10,1627.52,RUB,food,Перекрёсток,Покупка в Перекрёсток
TX000959,2026-03-10,1694.75,RUB,health,Медицина,Покупка в Медицина
TX000319,2026-03-11,1256.32,RUB,transport,СитиМобил,Покупка в СитиМобил
TX000377,2026-03-11,807.52,RUB,health,Здоровье плюс,Покупка в Здоровье плюс
TX000635,2026-03-11,4657.1,RUB,health,Здоровье плюс,Покупка в Здоровье плюс
TX000816,2026-03-11,614.14,RUB,entertainment,Ресторан,Покупка в Ресторан
TX000003,2026-03-12,352.56,RUB,food,Магнит,Покупка в Магнит
TX000176,2026-03-12,23891.52,RUB,shopping,Спортмастер,Покупка в Спортмастер
TX000469,2026-03-12,3149.26,RUB,food,Перекрёсток,Покупка в Перекрёсток
TX000599,2026-03-12,4266.24,RUB,food,Магнит,Покупка в Магнит
TX000632,2026-03-12,22907.78,RUB,shopping,М.Видео,Покупка в М.Видео
TX000739,2026-03-12,3240.01,RUB,entertainment,Ресторан,Покупка в Ресторан
TX000885,2026-03-12,28284.11,RUB,shopping,DNS,Покупка в DNS
TX000027,2026-03-13,1577.63,RUB,transport,Uber,Покупка в Uber
TX000487,2026-03-13,2140.27,RUB,entertainment,Okko,Покупка в Okko
TX000858,2026-03-13,2114.61,RUB,entertainment,Театр.ру,Покупка в Театр.ру
TX000875,2026-03-14,6398.25,RUB,other,Перевод,Покупка в Перевод
TX000168,2026-03-15,4187.51,RUB,food,ВкусВилл,Покупка в ВкусВилл
TX000453,2026-03-15,2336.53,RUB,food,Азбука Вкуса,Покупка в Азбука Вкуса
TX000459,2026-03-15,476.34,RUB,transport,АЗС Лукойл,Покупка в АЗС Лукойл
TX000547,2026-03-15,3334.04,RUB,utilities,Интернет-провайдер,Покупка в Интернет-провайдер
TX000764,2026-03-15,5229.79,RUB,utilities,Интернет-провайдер,Покупка в Интернет-провайдер
TX000785,2026-03-15,2208.23,RUB,shopping,Ozon,Покупка в Ozon
TX000892,2026-03-15,218.31,RUB,food,Перекрёсток,Покупка в Перекрёсток
TX000118,2026-03-16,927.86,RUB,entertainment,Ресторан,Покупка в Ресторан
TX000372,2026-03-16,3934.83,RUB,entertainment,Okko,Покупка в Okko
TX000690,2026-03-16,1839.11,RUB,entertainment,Okko,Покупка в Okko
TX000767,2026-03-16,2432.65,RUB,health,Аптека 36.6,Покупка в Аптека 36.6
TX000834,2026-03-16,2818.97,RUB,transport,АЗС Газпром,Покупка в АЗС Газпром
TX000651,2026-03-17,3622.92,RUB,food,ВкусВилл,Покупка в ВкусВилл
TX000071,2026-03-18,390.76,RUB,food,Лента,Покупка в Лента
TX000247,2026-03-18,1252.7,RUB,transport,АЗС Газпром,Покупка в АЗС Газпром
TX000312,2026-03-18,2667.98,RUB,shopping,Спортмастер,Покупка в Спортмастер
TX000339,2026-03-18,438.86,RUB,food,Лента,Покупка в Лента
TX000631,2026-03-18,3069.75,RUB,other,Перевод,Покупка в Перевод
TX000969,2026-03-18,1065.71,RUB,food,Азбука Вкуса,Покупка в Азбука Вкуса
TX000256,2026-03-19,5514.52,RUB,shopping,Ozon,Покупка в Ozon
TX000355,2026-03-19,2122.16,RUB,food,Лента,Покупка в Лента
TX000435,2026-03-19,3689.99,RUB,food,Пятёрочка,Покупка в Пятёрочка
TX000467,2026-03-19,4495.64,RUB,food,Лента,Покупка в Лента
TX000133,2026-03-20,1316.01,RUB,entertainment,Театр.ру,Покупка в Театр.ру
TX000446,2026-03-20,1178.84,RUB,transport,Метро,Покупка в Метро
TX000663,2026-03-20,2524.31,RUB,food,Перекрёсток,Покупка в Перекрёсток
TX000619,2026-03-21,3381.69,RUB,utilities,ЖКУ,Покупка в ЖКУ
TX000637,2026-03-21,1991.02,RUB,utilities,Интернет-провайдер,Покупка в Интернет-провайдер
TX000645,2026-03-21,1314.29,RUB,food,Магнит,Покупка в Магнит
TX000817,2026-03-21,3333.86,RUB,entertainment,Ресторан,Покупка в Ресторан
TX000835,2026-03-21,27564.14,RUB,shopping,Lamoda,Покупка в Lamoda
TX000075,2026-03-22,4659.29,RUB,food,Перекрёсток,Покупка в Перекрёсток
TX000122,2026-03-22,8512.4,RUB,other,Подписка,Покупка в Подписка
TX000191,2026-03-22,2123.4,RUB,food,Пятёрочка,Покупка в Пятёрочка
TX000461,2026-03-22,3346.36,RUB,entertainment,Wink,Покупка в Wink
TX000601,2026-03-22,1666.65,RUB,shopping,DNS,Покупка в DNS
TX000776,2026-03-22,28656.36,RUB,shopping,Спортмастер,Покупка в Спортмастер
TX000863,2026-03-22,6927.15,RUB,health,Медицина,Покупка в Медицина
TX000202,2026-03-23,25858.4,RUB,shopping,М.Видео,Покупка в М.Видео
TX000101,2026-03-24,1537.29,RUB,food,Перекрёсток,Покупка в Перекрёсток
TX000151,2026-03-24,1276.27,RUB,food,Перекрёсток,Покупка в Перекрёсток
TX000069,2026-03-25,528.9,RUB,food,ВкусВилл,Покупка в ВкусВилл
TX000321,2026-03-25,9237.55,RUB,other,Подписка,Покупка в Подписка
TX000443,2026-03-25,567.95,RUB,health,СМ-Клиника,Покупка в СМ-Клиника
TX000911,2026-03-25,4588.03,RUB,food,Азбука Вкуса,Покупка в Азбука Вкуса
TX000979,2026-03-26,987.73,RUB,transport,АЗС Лукойл,Покупка в АЗС Лукойл
TX000136,2026-03-27,2148.62,RUB,transport,Uber,Покупка в Uber
TX000306,2026-03-27,2725.21,RUB,food,Магнит,Покупка в Магнит
TX000426,2026-03-27,3302.54,RUB,entertainment,Театр.ру,Покупка в Театр.ру
TX000743,2026-03-27,11067.57,RUB,shopping,М.Видео,Покупка в М.Видео
TX000792,2026-03-27,888.74,RUB,transport,СитиМобил,Покупка в СитиМобил
TX000371,2026-03-28,4950.4,RUB,shopping,DNS,Покупка в DNS
TX000832,2026-03-28,1235.19,RUB,health,Аптека 36.6,Покупка в Аптека 36.6
TX000902,2026-03-28,759.79,RUB,transport,АЗС Лукойл,Покупка в АЗС Лукойл
TX000477,2026-03-29,311.62,RUB,transport,СитиМобил,Покупка в СитиМобил
TX000570,2026-03-29,1669.37,RUB,transport,Яндекс.Такси,Покупка в Яндекс.Такси
TX000440,2026-03-30,8599.38,RUB,shopping,Спортмастер,Покупка в Спортмастер
TX000020,2026-03-31,20696.12,RUB,shopping,Ozon,Покупка в Ozon
TX000344,2026-03-31,4925.34,RUB,food,Магнит,Покупка в Магнит
TX000565,2026-03-31,1948.29,RUB,entertainment,Боулинг,Покупка в Боулинг
TX000633,2026-03-31,1702.83,RUB,transport,СитиМобил,Покупка в СитиМобил
TX000852,2026-03-31,4118.17,RUB,food,Лента,Покупка в Лента
TX000055,2026-04-01,2605.13,RUB,transport,СитиМобил,Покупка в СитиМобил
TX000186,2026-04-01,468.41,RUB,entertainment,Okko,Покупка в Okko
TX000222,2026-04-01,14128.3,RUB,shopping,DNS,Покупка в DNS
TX000771,2026-04-01,1618.6,RUB,food,Магнит,Покупка в Магнит
TX000085,2026-04-02,1881.17,RUB,utilities,Интернет-провайдер,Покупка в Интернет-провайдер
TX000305,2026-04-02,5640.26,RUB,shopping,Wildberries,Покупка в Wildberries
TX000338,2026-04-02,4890.92,RUB,health,Медицина,Покупка в Медицина
TX000376,2026-04-02,2068.8,RUB,transport,Метро,Покупка в Метро
TX000399,2026-04-02,7022.11,RUB,health,Аптека 36.6,Покупка в Аптека 36.6
TX000508,2026-04-02,4747.78,RUB,health,Медицина,Покупка в Медицина
TX000126,2026-04-03,2686.2,RUB,food,Азбука Вкуса,Покупка в Азбука Вкуса
TX000267,2026-04-03,3179.75,RUB,entertainment,Ресторан,Покупка в Ресторан
TX000828,2026-04-03,2101.97,RUB,food,Перекрёсток,Покупка в Перекрёсток
TX000584,2026-04-04,2139.53,RUB,transport,АЗС Газпром,Покупка в АЗС Газпром
TX000253,2026-04-05,4536.44,RUB,food,Перекрёсток,Покупка в Перекрёсток
TX000287,2026-04-05,438.36,RUB,transport,СитиМобил,Покупка в СитиМобил
TX000498,2026-04-05,15252.3,RUB,shopping,Спортмастер,Покупка в Спортмастер
TX000086,2026-04-06,4180.87,RUB,food,Магнит,Покупка в Магнит
TX000308,2026-04-06,3798.04,RUB,entertainment,Театр.ру,Покупка в Театр.ру
TX000420,2026-04-06,3531.33,RUB,entertainment,Wink,Покупка в Wink
TX000349,2026-04-07,3357.45,RUB,health,Аптека Ригла,Покупка в Аптека Ригла
TX000369,2026-04-07,1707.52,RUB,transport,АЗС Лукойл,Покупка в АЗС Лукойл
TX000722,2026-04-07,4473.73,RUB,health,Здоровье плюс,Покупка в Здоровье плюс
TX000826,2026-04-08,2120.95,RUB,transport,АЗС Газпром,Покупка в АЗС Газпром
TX000098,2026-04-09,718.86,RUB,food,Азбука Вкуса,Покупка в Азбука Вкуса
TX000536,2026-04-09,3446.23,RUB,entertainment,Ресторан,Покупка в Ресторан
TX000986,2026-04-09,3322.59,RUB,food,Азбука Вкуса,Покупка в Азбука Вкуса
TX000242,2026-04-10,4114.03,RUB,health,Аптека 36.6,Покупка в Аптека 36.6
TX000249,2026-04-10,26235.3,RUB,shopping,Спортмастер,Покупка в Спортмастер
TX000680,2026-04-10,1847.71,RUB,entertainment,Ресторан,Покупка в Ресторан
TX000798,2026-04-10,618.99,RUB,transport,Uber,Покупка в Uber
TX000955,2026-04-10,2142.07,RUB,food,Магнит,Покупка в Магнит
TX000583,2026-04-11,684.3,RUB,food,Пятёрочка,Покупка в Пятёрочка
TX000882,2026-04-11,553.81,RUB,food,Магнит,Покупка в Магнит
TX000581,2026-04-12,3874.35,RUB,food,Азбука Вкуса,Покупка в Азбука Вкуса
TX000335,2026-04-13,3239.23,RUB,food,Азбука Вкуса,Покупка в Азбука Вкуса
TX000791,2026-04-13,23257.19,RUB,shopping,Wildberries,Покупка в Wildberries
TX000839,2026-04-13,1245.5,RUB,transport,АЗС Газпром,Покупка в АЗС Газпром
TX000103,2026-04-14,1060.33,RUB,transport,АЗС Лукойл,Покупка в АЗС Лукойл
TX000170,2026-04-14,1702.26,RUB,entertainment,Ресторан,Покупка в Ресторан
TX000472,2026-04-14,219.46,RUB,transport,АЗС Лукойл,Покупка в АЗС Лукойл
TX000931,2026-04-14,7070.86,RUB,health,Медицина,Покупка в Медицина
TX000938,2026-04-14,3166.56,RUB,shopping,М.Видео,Покупка в М.Видео
TX000303,2026-04-15,727.65,RUB,food,ВкусВилл,Покупка в ВкусВилл
TX000448,2026-04-15,28835.34,RUB,shopping,Ozon,Покупка в Ozon
TX000656,2026-04-15,1809.76,RUB,entertainment,Боулинг,Покупка в Боулинг
TX000848,2026-04-15,1300.61,RUB,entertainment,Wink,Покупка в Wink
TX000689,2026-04-16,4946.98,RUB,shopping,DNS,Покупка в DNS
TX000212,2026-04-18,4820.85,RUB,health,Медицина,Покупка в Медицина
TX000421,2026-04-20,7982.68,RUB,shopping,Lamoda,Покупка в Lamoda
TX000582,2026-04-20,5034.91,RUB,health,СМ-Клиника,Покупка в СМ-Клиника
TX000060,2026-04-21,4996.56,RUB,food,Азбука Вкуса,Покупка в Азбука Вкуса
TX000227,2026-04-21,2692.78,RUB,health,Аптека 36.6,Покупка в Аптека 36.6
TX000188,2026-04-22,1064.23,RUB,utilities,Интернет-провайдер,Покупка в Интернет-провайдер
TX000913,2026-04-22,5544.39,RUB,utilities,Интернет-провайдер,Покупка в Интернет-провайдер
TX000788,2026-04-23,858.62,RUB,food,Азбука Вкуса,Покупка в Азбука Вкуса
TX000259,2026-04-24,8032.14,RUB,shopping,Спортмастер,Покупка в Спортмастер
TX000266,2026-04-24,2099.87,RUB,food,Азбука Вкуса,Покупка в Азбука Вкуса
TX000756,2026-04-24,20559.49,RUB,shopping,DNS,Покупка в DNS
TX000006,2026-04-25,1535.32,RUB,food,Лента,Покупка в Лента
TX000346,2026-04-25,10179.61,RUB,shopping,Lamoda,Покупка в Lamoda
TX000409,2026-04-26,13733.74,RUB,shopping,Спортмастер,Покупка в Спортмастер
TX000568,2026-04-27,8006.49,RUB,shopping,Спортмастер,Покупка в Спортмастер
TX000741,2026-04-27,1510.97,RUB,entertainment,Wink,Покупка в Wink
TX000999,2026-04-27,10252.81,RUB,shopping,Спортмастер,Покупка в Спортмастер
TX000107,2026-04-28,3602.17,RUB,food,Пятёрочка,Покупка в Пятёрочка
TX000221,2026-04-28,4351.57,RUB,food,Магнит,Покупка в Магнит
TX000416,2026-04-28,1598.11,RUB,food,ВкусВилл,Покупка в ВкусВилл
